cluster_id,theme,proposition,pertinente
0,Agriculture et biodiversité,Il faut créer une masse d&apos;agriculteurs au lieu d&apos;une agriculture de masse,1
0,Agriculture et biodiversité,Il faut comprendre que l&apos;on ne peut pas imposer un modèle sur un autre dans la production agricole et sylvicole,1
0,Agriculture et biodiversité,Il faut favoriser l&apos;installation agricole sur des micro-fermes à taille humaine et circuit court,1
0,Agriculture et biodiversité,"Il faut une TVA réduite, qui favorise les artisans, agriculteurs et industries qui ont un impact favorable à la biodiversité.",1
0,Agriculture et biodiversité,Il faut renforcer le développement local de cultures biologiques diversifiées et associées pour limiter l&apos;importation de produits agricoles.,1
0,Agriculture et biodiversité,Il faut savoir qu une exploitation agricole bio a un bilan carbone 21 % plus élevé qu&apos;une exploitation non bio. (source anglaise),1
0,Agriculture et biodiversité,Il faut valoriser et encourager l&apos;autonomie alimentaire et l&apos;agriculture plus responsable et moins intensive.,1
0,Agriculture et biodiversité,"Il faut favoriser l&apos;installation de petites surfaces agricoles, leur octroyer les terres en priorité.",1
0,Agriculture et biodiversité,"Il faut une refonte complète des politiques agricoles : meilleurs conditions et salaires, plus de travailleurs moins de produits et machines",1
0,Agriculture et biodiversité,Il faut inverser le système d&apos;aide agricole : encourager les petits biodiversifiés et moins aux gros consommateurs de chimie et hectares,1
0,Agriculture et biodiversité,Il faut nationaliser l&apos;agriculture en France afin d&apos;avoir une culture qualitative et non financière,1
0,Agriculture et biodiversité,Il faut renforcer les contrôles sanitaires dans les élevages et vérifier l&apos;application des engagements d&apos;écoresponsabilité signés.,1
0,Agriculture et biodiversité,Il faut encourager l&apos;agriculture bio française et locale,1
0,Agriculture et biodiversité,"Il faut accompagner massivement les agriculteurs à adopter des pratiques favorables à la qualité de l&apos;eau, du sol, l&apos;air et la biodiversité",1
0,Agriculture et biodiversité,Il faut encourager les élevages hypertechniques avec pratiques durables car ils peuvent financer la biodiversité par leur productivité,1
0,Agriculture et biodiversité,Il faut changer la perception négative des haies qui persiste pour de nombreux agriculteurs en développant des filières de valorisation.,1
0,Agriculture et biodiversité,"Il faut mieux subventionner l&apos;agriculture bio et la permaculture, notamment le coût de la main d’œuvre.",1
0,Agriculture et biodiversité,"Il faut subventionner l&apos;agriculture bio et cesser le financement d&apos;une production avec des coûts environnementaux, sociaux et sanitaires",1
0,Agriculture et biodiversité,Il faut complètement repenser la monoculture mondialisée à base d’intrants etc et revenir à des cultures variées en autonomie de territoire.,1
0,Agriculture et biodiversité,"Il faut laisser l&apos;OFB faire son travail auprès des agriculteurs fautifs : utilisation de produits prohibés, irrigation excessive, etc.",1
1,Protection de la biodiversité,Il faut obliger les propriétaires de vieux centres commerciaux à l&apos;abandon à les détruire pour laisser le terrain redevenir naturel.,1
1,Protection de la biodiversité,"Il faut que les jours de tonte des jardins soient restreints, chaque zone d’une ville a sa semaine afin d’éviter les nuisances sonores.",0
1,Protection de la biodiversité,Il faut que les communes cesse de planter des plantes mellifères au bord de certaines routes afin de préserver les insectes des automobiles.,1
1,Protection de la biodiversité,Il faut interdire de détruire les zones humides même si il y a une compensation ailleurs,1
1,Protection de la biodiversité,Il faut arrêter de tondre les pelouses au lieu de ramasser les déchets dans les communes.,1
1,Protection de la biodiversité,Il faut que les voitures thermiques et les tracteurs arrêtent de tourner quand le véhicule est à l&apos;arrêt.,1
1,Protection de la biodiversité,Il faut stopper urgemment les constructions de maison individuelle neuve et aider à la rénovation de bien existant.,1
1,Protection de la biodiversité,Il faut limiter le nombre de naissance par couple à maximum 4 ou 5 enfants.,1
1,Protection de la biodiversité,Il faut interdire la divagation des chats hors des terrains des propriétaires. Et équiper des zones fragiles d’ ultrason de dissuasion.,1
1,Protection de la biodiversité,Il faut sanctionner toute les collectivités qui ne font pas d’aménagement cyclable en agglomération comme ça leur est obligatoire (L228-2),1
1,Protection de la biodiversité,"Il faut arrêter de goudronner à outrance des cours, parking d&apos;immeubles, d&apos;écoles et laisser des espaces de terre.",1
1,Protection de la biodiversité,Il faut interdire en milieu rural les clôtures/palissades artificielles et imposer des haies pour clore les terrains des particuliers,1
1,Protection de la biodiversité,"Il faut arrêter l&apos;étalement urbain, il ne faut plus construire sur des terrains agricoles.",1
1,Protection de la biodiversité,Il faut arrêter de construire / élargir des routes.,1
1,Protection de la biodiversité,Il faut interdire les panneaux publicitaires électriques et interdire la publicité sur écran dans les lieux publics.,0
1,Protection de la biodiversité,Il faut arrêter l&apos;expansion continue de l&apos;agglomération parisienne.,1
1,Protection de la biodiversité,Il faut refuser d&apos;acheter des vêtements en microfibre,1
1,Protection de la biodiversité,Il faut interdire les méga bassines,1
1,Protection de la biodiversité,Il faut limiter les constructions des pistes de vélo en montagne pour laisser la place aux bergers et à la faune pour se déplacer,1
1,Protection de la biodiversité,Il faut interdire le déterrage des blaireaux,1
2,Éducation à l'écologie,Il faut éduquer les enfants de citadins à la compréhension et à la préservation de la biodiversité,1
2,Éducation à l'écologie,"Il faut que les écoles et entreprises fassent plusieurs jours de terrain par an avec des naturalistes, que l&apos;écologie soit au cœur des SVT.",1
2,Éducation à l'écologie,Il faut enseigner la naturopathie,0
2,Éducation à l'écologie,Il faut éduquer à l&apos;importance de tout ce qui compose le vivant et qui nous permet de vivre sur terre !,1
2,Éducation à l'écologie,Il faut promouvoir la formation via La Fresque du Climat au plus grand nombre de citoyens âgés de plus de 16 ans.,1
2,Éducation à l'écologie,Il faut mettre en place des programmes éducatifs pour sensibiliser les jeunes générations à l’importance de la biodiversité.,1
2,Éducation à l'écologie,"Il faut intégrer dans les programmes scolaires dès la maternelle les enjeux de biodiversité : découverte, rôle des espèces, etc.",1
2,Éducation à l'écologie,"Il faut que les écoliers soient associés à des inventaires de la faune et de la flore dans leur environnement communal, et à leur évolution",1
2,Éducation à l'écologie,Il faut sensibiliser au maximum dans les écoles le respect de la nature et de la biodiversité.,1
2,Éducation à l'écologie,"Il faut instruire les gens sur la notion de service écosystémique : une araignée, ça mange des moustiques !",1
2,Éducation à l'écologie,Il faut arrêter d&apos;artificialiser les cours de récréation des établissements scolaires pour sensibiliser les enfants à la variété de la flore,1
2,Éducation à l'écologie,"Il faut inclure des cours sur la connaissance de notre environnement à l&apos;école : les plantes et leurs utilisations ou danger, la faune etc",1
2,Éducation à l'écologie,Il faut renforcer les cours de biologie et d&apos;écologie dans la formation des enseignants et les maquettes pédagogiques.,1
2,Éducation à l'écologie,"Il faut intégrer l&apos;écologie et la biodiversité aux cursus scolaires, dès la primaire et jusqu&apos;au lycée",1
2,Éducation à l'écologie,"Il faut permettre aux professeurs des écoles d’accompagner leurs élèves pour apprendre en forêt, au bord de la mer, etc.",1
2,Éducation à l'écologie,Il faut revoir l&apos;enseignement des sciences dans l&apos;éducation et faire comprendre qu&apos;un environnement malade rend les gens malades.,1
2,Éducation à l'écologie,Il faut inculquer à nos enfants les bon gestes écologiques.,1
2,Éducation à l'écologie,"Il faut faire découvrir la nature aux enfants à l&apos;école via des sorties, des activités où il faut identifier les espèces rencontrées",1
2,Éducation à l'écologie,Il faut apprendre le respect des animaux et de la nature dans les écoles tout le long de la scolarité,1
2,Éducation à l'écologie,Il faut inciter les écoles dans des programmes obligatoires de classes vertes avec sensibilisation à la nature et à son entretien.,1
3,Réduction des déchets plastiques,Il faut instaurer dans les communes le fauchage tardif et le recyclage des déchets verts.,0
3,Réduction des déchets plastiques,"Il faut cesser le concept de la ""mode"" qui fait jeter des objets ou refaire (cuisine,sdb...) encore en excellent état de fonctionnement.",1
3,Réduction des déchets plastiques,Il faut mettre plus de poubelles à proximité des lieux publics,0
3,Réduction des déchets plastiques,"Il faut ne mettre sur le marché que des produits compatibles avec les écosystèmes, entretien, cosmétiques,  vêtements, ustensiles de cuisine",1
3,Réduction des déchets plastiques,"Il faut consigner les déchets, afin de ne plus trouver de dépôts sauvages",1
3,Réduction des déchets plastiques,Il faut interdire les produits avec des emballages inutiles. Ex : dentifice (boîte +tube) fruits/légumes entiers en sachet ou plastifiés etc,1
3,Réduction des déchets plastiques,Il faut enseigner le recyclage et la réparation au lieu d&apos;encourager les gens à acheter neuf,1
3,Réduction des déchets plastiques,Il faut réduire les revêtements de sol artificiels et accepter d&apos;avoir les chaussures terreuses,0
3,Réduction des déchets plastiques,Il faut faire des gestes simples continuer à jeter à la poubelle...,0
3,Réduction des déchets plastiques,Il faut boycotter la fast fashion car l&apos;industrie textile est l&apos;une des premières sources de pollution.,1
3,Réduction des déchets plastiques,Il faut utiliser la phytoremédiation sur les friches industrielles,0
3,Réduction des déchets plastiques,Il faut arrêter de produire du plastique qui est une calamité pour le vivant tout entier !,1
3,Réduction des déchets plastiques,Il faut remplacer les réacteurs nucléaires conventionnels par des réacteurs à sel fondus moins polluants et plus efficace dans la production,0
3,Réduction des déchets plastiques,Il faut uniformiser les bouteilles verre pour les consigner globalement (coût du nettoyage plus faible que la fonte a 1100°c ?),1
3,Réduction des déchets plastiques,Il faut arrêter de produire du plastique,1
3,Réduction des déchets plastiques,Il faut obliger les grands industriels à proposer des produits en vrac pour limiter les emballages plastique notamment,1
3,Réduction des déchets plastiques,"Il faut informer, encore et encore, sur les ravages du plastique",1
3,Réduction des déchets plastiques,"Il faut interdire les huisseries plastiques, ce n’est pas durable (10 ans) et polluant",1
3,Réduction des déchets plastiques,"Il faut interdire les emballages inutiles, ou les remplacer par des matériaux bio dégradables.",1
3,Réduction des déchets plastiques,Il faut une maraude-écolo: les citoyens ramassent à la pince 5 mégots jour/4 jours semaine dans 1 sac plastique et les mettent à la poubelle,0
4,Gestion de la faune,"Il faut limiter les chats errants mais également des chats domestiques, véritable catastrophe pour la petite faune sauvage, oiseaux, etc.",1
4,Gestion de la faune,Il faut rendre obligatoire la construction de ponts/tunnels pour permettre aux animaux de traverser les routes en sécurité,1
4,Gestion de la faune,Il faut repasser le permis de chasse tous les 5 ans avec un test d&apos;aptitude physique et psychologique.,1
4,Gestion de la faune,Il faut plus de sanctions pénales et amendes contre la maltraitance animale,1
4,Gestion de la faune,Il faut dépolitiser la présence des loups et lynx en France. Nombre de régions en Europe favorisent leur maintien et en tirent profit !,1
4,Gestion de la faune,Il faut soutenir les éleveurs privés et professionnels qui assurent la conservation des espèces menacées par leur reproduction en captivité.,1
4,Gestion de la faune,Il faut donner plus de moyens pour lutter contres les espèces invasives.,1
4,Gestion de la faune,"Il faut dans tous les cabinets vétérinaires, un vétérinaire formé aux soins de la petite faune (hérissons, oiseaux, etc.)",1
4,Gestion de la faune,"Il faut respecter le statut d&apos;espèce strictement protégée de Canis lupus, le loup, qui est une espèce clé de voûte des écosystèmes",1
4,Gestion de la faune,Il faut reconnaitre la gène occasionnée à la faune et aux ruraux par la pratique de la chasse et le comportement des chasseurs.,1
4,Gestion de la faune,Il faut réduire considérablement la population de loup afin d’aider les agriculteurs,1
4,Gestion de la faune,Il faut informer pour que les gens comprennent que posséder un animal domestique n&apos;est pas compatible avec restaurer la biodiversité,1
4,Gestion de la faune,"Il faut réguler la prolifération des pies : elles mangent tous les oiseaux plus petits (les merles, tourterelles, moineaux, mésanges).",1
4,Gestion de la faune,"Il faut accorder un statut juridique aux animaux sauvages, et des droits.",1
4,Gestion de la faune,"Il faut fournir des moyens de subsistance (nourriture), réduire l&apos;élevage animal qui utilise trop d&apos;espace (nourriture + animaux)",1
4,Gestion de la faune,Il faut créer des passerelles pour les écureuils.,1
4,Gestion de la faune,Il faut que les spa et associations remettent aux adoptants des chats et chattes stérilisés et non des bons de stérilisation.,1
4,Gestion de la faune,Il faut arrêter les tirs létaux sur les Loups et revenir discuter avec les associations de défense de la biodiversité.,1
4,Gestion de la faune,"Il faut protéger les ours : les pays d&apos;Europe de l&apos;Est le font très bien, pourquoi pas nous ?",1
4,Gestion de la faune,"Il faut intégrer l&apos;ensemble des usagers de la nature, dont les chasseurs qui bizarrement ne sont même pas inclus ici par l&apos;OFB.",1
5,Gestion de l'eau,"Il faut alimenter les wc en eau de pluie et non en eau potable lorsque cela est possible (bâtiments publics, magasins etc.)",1
5,Gestion de l'eau,"Il faut accroître les zones de traitement des eaux et leur assainissements, pour faire des économies et éviter de polluer.",1
5,Gestion de l'eau,"Il faut favoriser la récupération d&apos;eau de pluie, en subventionnant des récupérateurs d&apos;eau.",1
5,Gestion de l'eau,Il faut encourager la communication et l&apos;éducation pour une gestion de l&apos;eau plus équitable et durable.,1
5,Gestion de l'eau,Il faut créer plus de lacs et plans d&apos;eau.,1
5,Gestion de l'eau,"Il faut repenser notre utilisation de l&apos;eau potable, la réserver à la cuisine et à la boisson : encourager captation et filtrage de la pluie",1
5,Gestion de l'eau,Il faut nettoyer les rivières et pénaliser sévèrement ceux qui les polluent,1
5,Gestion de l'eau,Il faut obliger les espaces publics à utiliser les eaux grises pour la chasse d&apos;eau des toilettes.,1
5,Gestion de l'eau,Il faut dépolluer les cours d&apos;eau (et interdire/punir tout rejet chimique dans la nature).,1
5,Gestion de l'eau,Il faut raccorder les maisons aux réseaux d&apos;eaux usées pour éviter leur déversement dans les cours d&apos;eau et ainsi diminuer leur pollution.,1
5,Gestion de l'eau,"Il faut moins contraindre le cycle naturel de l’eau en dégoudronnant les villes,…",1
5,Gestion de l'eau,Il faut promouvoir les toilettes sèches,1
5,Gestion de l'eau,Il faut interdire la vente d&apos;eau en bouteilles plastique (il faut plus d&apos;eau pour fabriquer la bouteille que l&apos;eau qu&apos;elle contient!).,1
5,Gestion de l'eau,"Il faut que les services concernés effectuent un recensement sérieux et une gestion des forages ""eau"" dont certains sont à déclarer",1
5,Gestion de l'eau,"Il faut améliorer la qualité de l&apos;eau des cours de France, avec un contrôle plus strict des sources de pollution et des espèces envahissante",1
5,Gestion de l'eau,Il faut mesurer et taxer au prorata les consommations d&apos;eau de l&apos;agro-business.,1
5,Gestion de l'eau,Il faut arrêter les rejets d&apos;eau de pluie sur les terrains qui conservent l&apos;eau (surtout quand on a coupé tous les végétaux retenant l&apos;eau),1
5,Gestion de l'eau,Il faut mettre des bacs de récupération des déchets à chaque grilles d&apos;égouts d&apos;eaux pluviales,1
5,Gestion de l'eau,Il faut encourager à aménager des points d’eau,1
5,Gestion de l'eau,Il faut renforcer les contrôles sur les usines de retraitement de l’eau,1
6,Protection de l'environnement,Il faut instaurer une taxe carbone sur les produits importés alors qu’ils sont produits localement.,1
6,Protection de l'environnement,Il faut créer une véritable brigade verte à mission éducative et punitive en cas de non respect des gestes écoresponsables.,1
6,Protection de l'environnement,Il faut que l&apos;écologie ne soit pas un lobby politique et commercial : réfléchir aux conséquences des idées proposées sur le long terme.,1
6,Protection de l'environnement,Il faut obliger les services préfectoraux à répondre aux lanceurs d&apos;alerte et à enquêter pour un non respect du code de l&apos;environnement.,1
6,Protection de l'environnement,Il faut des normes écologiques uniques pour toute l&apos;Europe,1
6,Protection de l'environnement,"Il faut limiter l&apos;impact environnemental des riches, avec des réglementations coercitives sur les transports individuels (avions, bateaux)",1
6,Protection de l'environnement,Il faut prévoir plus de transparence et de contrôle dans la gestion de déchets,1
6,Protection de l'environnement,Il faut verbaliser les gens qui jettent des déchets dans la nature en mettant en application la loi existante.,1
6,Protection de l'environnement,"Il faut que chaque produit, chaque projet d&apos;aménagement, de construction soit présenté, avec son coût environnemental complet",1
6,Protection de l'environnement,"Il faut des incitations économiques qui favorise l’ensauvagement (reforestation,…)",1
6,Protection de l'environnement,"Il faut supprimer les échanges commerciaux internationaux, la pollution générée par le transport de marchandises est trop important",1
6,Protection de l'environnement,Il faut obliger les collectivités territoriales à ramasser les déchets avant de passer la tondeuse !,1
6,Protection de l'environnement,Il faut taxer les entreprises sur leurs consommation de ressources naturelles.,1
6,Protection de l'environnement,"Il faut encourager fiscalement les initiatives économiques vertueuses, et sanctionner celles qui ont un impact écologique fort",1
6,Protection de l'environnement,Il faut mettre en place des sanctions réelles et rapides pour les petits et gros pollueurs de ceux qui jettent leurs mégots à plus gros.,1
6,Protection de l'environnement,Il faut que les entreprises cessent d&apos;influer sur les cadres réglementaires destinés à les rendre plus responsables pour l&apos;environnement.,1
6,Protection de l'environnement,Il faut taxer les individuels sur leur empreinte carbone supérieure à 2TCO2/an/habitant,1
6,Protection de l'environnement,Il faut installer des caméras aux abords des dépôts sauvages de déchets et sanctionner lourdement et systématiquement les coupables.,1
6,Protection de l'environnement,"Il faut imposer des barrières douanières, réglementaires écologiques aux produits non français dont UE + taxes grandes mag (prix relevés)",1
6,Protection de l'environnement,Il faut faire respecter les legislations environnementales existantes et rarement appliquées ou dérogées.,1
7,Sensibilisation à la biodiversité,"Il faut que les peines maximales pour des délits envers la biodiversité deviennent la norme, et non plus l’exception.",1
7,Sensibilisation à la biodiversité,"Il faut inventer des moyens simples et ludiques pour representer la biodiversite d&apos;un site pour ceux qui y vivent.(affiches,infographies...)",1
7,Sensibilisation à la biodiversité,Il faut limiter les aides aux grosses entreprises et entreprises en bonne santé financière pour les utiliser pour la biodiversité,1
7,Sensibilisation à la biodiversité,Il faut éduquer les futurs générations à prendre conscience que le moindre geste anodin répété souvent est irrémédiable pour la biodiversité,1
7,Sensibilisation à la biodiversité,Il faut soumettre toute coupe d&apos;arbre à obligation de la justifier et à autorisation par un ministère de la biodiversité,1
7,Sensibilisation à la biodiversité,Il faut faire connaitre au grand public les espèces méconnues qui sont menacées et sensibiliser les gens à leur préservation,1
7,Sensibilisation à la biodiversité,Il faut permettre aux citadins de s&apos;impliquer mieux dans la biodiversité de leur commune via des espaces potager mieux accessibles.,1
7,Sensibilisation à la biodiversité,Il faut mobiliser une part des profits réalisés par les entreprises pour restaurer la biodiversité,1
7,Sensibilisation à la biodiversité,"Il faut tripler les moyens publics des opérateurs de protection de la biodiversité (agences type OFB et FRB, recherche, associations, ONG).",1
7,Sensibilisation à la biodiversité,Il faut informer les personnes sur l’intérêt à préserver la biodiversité : urgence animale et humaine,1
7,Sensibilisation à la biodiversité,Il faut mieux éduquer les personnes possédant des animaux de compagnie aux actions pour préserver la biodiversité en lien avec leur animal,1
7,Sensibilisation à la biodiversité,Il faut que la renaturation et la rénovation de la biodiversité soient des compétences obligatoires (donc budgetées) dans les communes,1
7,Sensibilisation à la biodiversité,Il faut poser un diagnostic de la biodiversité à l&apos;échelle de chaque commune (type ABC) suivi de mesures concrètes.,1
7,Sensibilisation à la biodiversité,Il faut faire des vidéos de sensibilisation à la biodiversité pour la TV et les réseaux sociaux plutôt que d&apos;utiliser des brochures papiers.,1
7,Sensibilisation à la biodiversité,Il faut recréer un institut de recherche et de formation sur la biologie et la biodiversité des sols.,1
7,Sensibilisation à la biodiversité,Il faut intégrer un représentant tiers de la nature dans tous les ComEx,1
7,Sensibilisation à la biodiversité,Il faut extirper de la tête des gens que la biodiversité veut dire saleté. Non aux jardins et aux champs propres,1
7,Sensibilisation à la biodiversité,"Il faut former les citoyens à un entretien ""approprié"" (favorable à la biodiversité) de leurs terrains privés",1
7,Sensibilisation à la biodiversité,Il faut accompagner les entreprises dans la compréhension de leur impact sur la biodiversité,1
7,Sensibilisation à la biodiversité,"Il faut respecter et protéger toutes les espèces, toutes ont leur place et sont utiles.",1
8,Interdiction des pesticides,Il faut créer pénalement le crime d&apos;écocide et le sanctionner très sévèrement,1
8,Interdiction des pesticides,Il faut interdire toute exploitation des ressources naturelles qui mettent en danger les écosystèmes,1
8,Interdiction des pesticides,"Il faut interdire la vente et l&apos;utilisation de tous les insecticides non systémiques, promouvoir l&apos;introduction des prédateurs naturels",1
8,Interdiction des pesticides,Il faut créer un label pour des semences libres de droits et sans brevets.,0
8,Interdiction des pesticides,"Il faut arrêter d&apos;importer des plantes invasives, mais surtout d&apos;importer avec elles les maladies et les animaux ravageurs",1
8,Interdiction des pesticides,Il faut interdire à la vente les espèces exotiques envahissantes et expliquer pourquoi aux consommateurs,0
8,Interdiction des pesticides,"Il faut expliquer : pesticides=empoisonnement durable de la terre=empoisonnement des hérissons,oiseaux par celui des vers de terre,insectes",1
8,Interdiction des pesticides,"Il faut que si l&apos;on interdit les pesticides, nous interdisions aussi les médicaments",0
8,Interdiction des pesticides,"Il faut interdire qu&apos;une denrée alimentaire puisse être cultivée dans un pays, transformée dans un autre, conditionnée encore ailleurs.",0
8,Interdiction des pesticides,"Il faut supprimer des espèces chassables toutes celles qui ne causent aucun dégât aux activités agricoles, forestières et aquacoles.",0
8,Interdiction des pesticides,"Il faut interdire l&apos;exploitation du robinier pseudoacacia (ou acacia), une des espèces envahissantes qui impactent le plus les écosystèmes.",0
8,Interdiction des pesticides,Il faut interdire les industries polluantes.,1
8,Interdiction des pesticides,"Il faut absolument abandonner les souffleurs de feuilles, bruyants, très polluants et très nocifs pour la biodiversité.",1
8,Interdiction des pesticides,"Il faut interdire les pesticides systématiques (graines enrobées, pulvérisations programmées sans analyse des ravageurs...)",1
8,Interdiction des pesticides,"Il faut interdire tous les produits phytosanitaires chimiques, ceux des particuliers comme ceux des agriculteurs",1
8,Interdiction des pesticides,Il faut interdire vraiment les produits phyto-sanitaires que tuent tout ce qui est vivant et polluent les eaux.,1
8,Interdiction des pesticides,Il faut protéger les cultures par d’autres moyens que l’agrainage des sangliers et interdire toute forme d’agrainage qui les multiplie.,0
8,Interdiction des pesticides,Il faut interdire l&apos;utilisation des poisons nonsystémique en extérieur et subventionner dans les communes de nichoirs et perchoir à rapace,1
8,Interdiction des pesticides,"Il faut dissoudre la FNSEA responsable, par son action politique pour l&apos;usage des pesticides, de la disparition d&apos;un grand nombre d&apos;espèces.",1
8,Interdiction des pesticides,"Il faut s&apos;attaquer rapidement aux espèces végétales et animales invasives, plutôt que vouloir sauver tout et n&apos;importe quoi.",0
9,Protection de la mer,Il faut dépolluer les mers avec les navires avaleurs de déchets existants et accélérer le mouvement en augmentant leur nombre.,1
9,Protection de la mer,Il faut créer des aires marines protégées dans lesquelles il serait réellement interdit de pêcher et de détruire les fonds marins.,1
9,Protection de la mer,Il faut agir pour faire cesser rapidement le braconnage des tortues marines à Mayotte qui est en train de les faire disparaître du lagon.,1
9,Protection de la mer,Il faut obliger les mairies qui ont retirées les poubelles en haut des plages à les remettre en place.,1
9,Protection de la mer,"Il faut réglementer la pêche à la ligne en bord de mer ou lacs: limiter à 1 canne à pêche par personne, nombre de prises 3/j et 2j/semaine",1
9,Protection de la mer,Il faut interdire les décharges de déchets d&apos;aller dans la mer ou de les envoyer dans des pays en développement pour les polluer,1
9,Protection de la mer,Il faut recreuser des petites mares pour restaurer le réseau qui existait naguère.,0
9,Protection de la mer,Il faut sensibiliser à la pêche et à son impact très destructeurs pour la vie aquatique,1
9,Protection de la mer,Il faut imposer des normes sur les crèmes solaires pour limiter la pollution des eaux et protéger les écosystèmes aquatiques.,1
9,Protection de la mer,Il faut participer financièrement à la recherche sur les coraux et participer à la restauration des barrières en voie d&apos;extinction,1
9,Protection de la mer,"Il faut que chaque commune du littoral possédant du domaine maritime, fixe 20% de son territoire en réserve de pêche.",1
9,Protection de la mer,"Il faut interdire le nettoyage mécanique des plages pour protéger la biodiversité, notamment la laisse de mer.",1
9,Protection de la mer,Il faut que tout bateau ayant pratiqué dégazage ou déballastage directement en mer (et l&apos;entreprise responsable) soit interdit de navigation,1
9,Protection de la mer,"Il faut taxer les piscines privées (bétonisation) et inciter à la création de mares : vie, découvertes biotopes, lutte anti-moustique !",0
9,Protection de la mer,Il faut élargir et renforcer les zones de protection marine. Interdire le mouillage aux bateaux de plaisance.,1
9,Protection de la mer,Il faut interdire (loi) totalement l&apos;ancrage dans les eaux bordant les parcs nationaux maritimes pour préserver les fonds et la posidonie,1
9,Protection de la mer,Il faut protéger tous les oiseaux de mer et interdire la pisciculture qui est une calamité pour la vie marine.,1
9,Protection de la mer,Il faut que les paquebots puissent éviter de polluer la mer avec leur essence,1
9,Protection de la mer,Il faut interdire les supertrawlers/les méthodes de pêche destructrices et non séléctives,1
9,Protection de la mer,Il faut enlever les décharges en front de mer susceptibles de se déverser dans les mers et océans,1
10,Végétalisation des villes,"Il faut favoriser les nichoirs naturels à faune, tas de pierre, de bois, vielle souche là ou c&apos;est possible.",1
10,Végétalisation des villes,Il faut encourager la création d&apos;espaces verts dans les villes et la normalisation de la nature et tout ses habitants.,1
10,Végétalisation des villes,Il faut réaliser des espaces végétalisées dans les villes afin de créer des îlots de fraîcheur et réduire la pollution aux particules fines,1
10,Végétalisation des villes,"Il faut dans les villes, créer des ombrières photovoltaïques en toiture et installer la végétation dessous (potager, arbustes, pelouse, etc)",1
10,Végétalisation des villes,"Il faut favoriser, rendre bénéfique, l&apos;isolation par l&apos;extérieur des copropriétés et immeubles",1
10,Végétalisation des villes,Il faut végétaliser les toits des abris bus.,1
10,Végétalisation des villes,Il faut seulement accepter comme nouvelles constructions les éco-quartiers.,1
10,Végétalisation des villes,Il faut mettre les énergies renouvelables dans les  villes là où on consomment le plus et où de grands bâtiments existent déjà.,0
10,Végétalisation des villes,"Il faut végétaliser les centres villes, les toits, les balcons ( réduire les températures en ville, attirer insectes/oiseaux)",1
10,Végétalisation des villes,Il faut utiliser les friches industrielles pour les nouvelles constructions et laisser tranquilles les zones naturelles ou agricoles,1
10,Végétalisation des villes,"Il faut subventionner jusqu&apos;à 50 % les réhabilitations des bâtiments des collectivités seulement si elles sont en BBC, sinon rien.",1
10,Végétalisation des villes,Il faut proposer des réductions d&apos;impôts pour les propriétaires qui restaurent des bâtiments abandonnés ou débétonnent leur propriété,1
10,Végétalisation des villes,"Il faut collecter et utiliser les vêtements, textiles, délaissés, usagés pour isoler les habitations.",0
10,Végétalisation des villes,"Il faut utiliser les surfaces déjà urbanisées pour y installer du photovoltaique, afin de ne pas utiliser des zones naturelles",0
10,Végétalisation des villes,"Il faut aménager plus d&apos;aires et de sentiers de promenade ou de sports en plein air en zone périurbaine, et les entretenir sans pesticides.",1
10,Végétalisation des villes,"Il faut re-végétaliser le long des routes, les toits...",1
10,Végétalisation des villes,Il faut imposer par la loi que chaque nouvelle construction (ind ou col) possède des panneaux solaires.,1
10,Végétalisation des villes,Il faut adapter la construction des bâtiments à la biodiversité en créant des façades permettant aux oiseaux de venir nicher (lucarnes).,1
10,Végétalisation des villes,Il faut durcir et faire respecter les limites d&apos;artificialisation des sols,1
10,Végétalisation des villes,"Il faut rendre visibles et accessibles les technologies permettant d&apos;économiser les ressources (isolations, chauffage, eau, etc.)",0
11,Protection de l'environnement,"Il faut sensibiliser, communiquer et former de façon plus massive de manière à éveiller les consciences et adopter les bons comportements.",1
11,Protection de l'environnement,Il faut un contrôle des chausseurs avec une déclaration de ce qui a été abattu pour un meilleur suivi,1
11,Protection de l'environnement,Il faut développer la Mélipone,1
11,Protection de l'environnement,"Il faut rééduquer la population en faisant plus de conférences, animations… et sanctionner plus en cas de faute envers l’environnement.",1
11,Protection de l'environnement,Il faut reconnaître les droits du vivant,1
11,Protection de l'environnement,Il faut encourager tous les citoyens de notre planète pour qu’ils soient capables d’être utiles pour réparer notre planete.,1
11,Protection de l'environnement,"Il faut que chaque être humain soit conscient qu&apos;il fait entièrement parti de la planète, qu&apos;il vit avec elle, en cohésion, et pas contre !",1
11,Protection de l'environnement,Il faut expliquer et faire comprendre aux enfants et aux adultes l&apos;importance de cette prise de conscience,1
11,Protection de l'environnement,Il faut développer de plus en plus d&apos;îlots de fraîcheur,1
11,Protection de l'environnement,Il faut interdire l’élevage intensif et sensibiliser le grand public à ce qui s’y passe,1
11,Protection de l'environnement,Il faut communiquer auprès des publics professionnels ayant un fort impact,1
11,Protection de l'environnement,"Il faut expliquer aux élèves (je n&apos;en ai jamais entendu parler au lycée) que la planète a déjà vu pire, mais que nous en mourrons",1
11,Protection de l'environnement,"Il faut mettre fin au capitalisme, au productivisme, et à l&apos;extractivisme.",1
11,Protection de l'environnement,"Il faut stopper la pollution numérique, créer une pétition pour que les créateurs de réseaux sociaux limitent le temps d&apos;écran sur leur app",1
11,Protection de l'environnement,Il faut arrêter de privilégier l’abeille à miel qui est une abeille d’élevage intensif. Il faut faire découvrir les abeilles solitaires.,1
11,Protection de l'environnement,Il faut mettre des drapeaux francais partout où nous fabriquons afin de rendre fier le peuple de ses couleurs et de ses produits,0
11,Protection de l'environnement,Il faut faire prendre conscience que la France est de plus en plus boisée,1
11,Protection de l'environnement,Il faut communiquer et malheureusement obliger dans un 1er temps pour que l&apos;habitude se prenne,1
11,Protection de l'environnement,"Il faut ne pas systématiquement critiquer l&apos;action humaine,les chasseurs,la mécanisation les produits chimiques. On n&apos;est plus au moyen âge!",0
11,Protection de l'environnement,Il faut imposer le tri sélectif et le rendre obligatoire,1
12,Alimentation durable et végétale,"Il faut cultiver et manger bio, comme nos grands parents... Limiter la viande. Laisser les élevages grandir en pleine air sans antibiotiques",1
12,Alimentation durable et végétale,Il faut qu&apos;une part des fruits et légumes vendus soient issus de variétés et de semences libres (non brevetés par des semenciers),1
12,Alimentation durable et végétale,"Il faut avoir au moins un plat végétalien au menu de chaque lieu public où l&apos;on mange (restaurant, école, hôpital, clubs sportifs, etc.)",1
12,Alimentation durable et végétale,"Il faut intégrer les foyers de l&apos;enfance dans les dispositifs communaux de cantine verte, qu&apos;ils ne soient pas obligés de manger industriel",1
12,Alimentation durable et végétale,Il faut que les emballages de viande contiennent 1 photo du mode d&apos;élevage afin de sensibiliser et responsabiliser les consommateurs,1
12,Alimentation durable et végétale,Il faut promouvoir les produits végans et bio en les détaxant pour qu&apos;ils soient accessibles à tous.,1
12,Alimentation durable et végétale,Il faut acheter tout nos produits alimentaires à l&apos;étranger pour ne pas polluer chez nous,0
12,Alimentation durable et végétale,"Il faut que toutes les entreprises de l&apos;agroalimentaire & la GMS affichent les étiquettes Planet-score des produits, biodiversité incluse",1
12,Alimentation durable et végétale,Il faut arrêter de répéter les arguments des lobbies de l&apos;agro-alimentaire (viande-poisson) sur les méfaits de l&apos;alimentation végétale,1
12,Alimentation durable et végétale,"Il faut arrêter l’élevage intensif (550 à 700l d’eau environ pour 1kg de bœuf) et favoriser le végétal local, consommer local à bon prix",1
12,Alimentation durable et végétale,"Il faut savoir que si il n&apos;y a plus d&apos;élevage, il n&apos;y a plus d&apos;amendement organique biologique (en dehors des excréments humains).",1
12,Alimentation durable et végétale,Il faut lutter efficacement contre la surpêche et éduquer les gens : il n’y a pas que le trio saumon d’élevage - cabillaud - crevettes,1
12,Alimentation durable et végétale,Il faut développer le commerce de végétaux au lieu de la viande dans tous les magasins et supermarché pour faire prendre conscience aux gens,1
12,Alimentation durable et végétale,Il faut que l&apos;être humain reste à sa place dans la chaîne alimentaire. Préservons la santé publique : manger des insectes est préjudiciable.,0
12,Alimentation durable et végétale,"Il faut rendre clairement visible la provenance de la viande (boeuf, porc, poulet etc) et les conditions d&apos;élevage dans les plats préparés",1
12,Alimentation durable et végétale,"Il faut retrouver l&apos;équilibre d&apos;autant, les talus, les bouteilles de verre consignés et surtout manger local et taxer les autres.",1
12,Alimentation durable et végétale,"Il faut adhérer à des assos écolos pour s&apos;informer et faire ce qu&apos;on peut chacun à son niveau (tri sélectif  compost, manger bio, etc.)",1
12,Alimentation durable et végétale,Il faut que les restaurants proposent plus de menus végétariens ou vegan pour promouvoir et familiariser cette option alimentaire.,1
12,Alimentation durable et végétale,Il faut diminuer notre impact inutile ( déchets dont alimentaires) qui pollue les milieux naturels : manger moins et mieux.,1
12,Alimentation durable et végétale,"Il faut réduire mais pas interdire, il faudra produire en quantité suffisante pour nous nourrir, attention à notre souveraineté alimentaire",1
13,Préservation des forêts,"Il faut couper des arbres pour construire écologique, ce n&apos;est que la logique",0
13,Préservation des forêts,Il faut arrêter d&apos;abattre des arbres sains pour en replanter des jeunes qui ont un taux de mortalité élevé.,1
13,Préservation des forêts,Il faut interdire le chauffage au bois et l&apos;exploitation forêt dans cette optique,1
13,Préservation des forêts,Il faut replanter ou laisser repousser les arbres dans les champs utilisés pour les cultures intensives destinées aux carburants dits verts.,1
13,Préservation des forêts,"Il faut savoir qu&apos;il y a en France 70 % de forêts en plus aujourd&apos;hui qu&apos;en 1908,  soit 31 % de la superficie Française",1
13,Préservation des forêts,Il faut que l&apos;urbanisme et les législateurs cessent de détourner le regard lorsque des arbres vont être coupés pour faire des constructions.,1
13,Préservation des forêts,"Il faut un permis d&apos;arracher un arbre pour toute aide publique à la replantation : arbre replanté assez grand, variétés liées à la région",1
13,Préservation des forêts,Il faut obliger les entreprises de travaux publics à préserver les systèmes racinaires des arbres : trop souvent ils meurent après travaux,1
13,Préservation des forêts,Il faut que les propriétaires de forêts donnent les dates en avance aux mairies pour planification: gibier pas chassé d&apos;une grande zone,1
13,Préservation des forêts,Il faut empêcher que macadam et béton remplacent pelouses/haies/arbres des jardin des particuliers pour cause de coût d’entretien (prime),1
13,Préservation des forêts,Il faut réduire l&apos;abattage des arbres en forêt pour augmenter le captage CO2,1
13,Préservation des forêts,Il faut limiter la compensation financière sur les travaux de déboisement et privilégier la compensation par plantation.,1
13,Préservation des forêts,Il faut choisir des produits en bois issu de forêts durablement gérées.,1
13,Préservation des forêts,"Il faut obliger les communes à restituer les bosquets, stopper l&apos;abattage des arbres et planter des arbustes et les vivaces",1
13,Préservation des forêts,"Il faut que toute destruction d&apos;un arbre conduise à replanter 2 arbres au moins, au frais de celui qui a provoqué la destruction.",1
13,Préservation des forêts,Il faut interdire les coupes rasés de forêt sachant que ça n&apos;est pas plus productif,1
13,Préservation des forêts,"Il faut arrêter de détruire des forêts vivantes, diversifiées pour planter à la place des monocultures de résineux",1
13,Préservation des forêts,Il faut établir des inventaires des arbres dans toutes les communes et engager des plans d’entretien d&apos;adaptation/renouvellement/extension,1
13,Préservation des forêts,Il faut ré-implanter des bois et des forêts,1
13,Préservation des forêts,Il faut mettre 30% de la surface des forêts domaniales en réserve intégrale et au moins 10% des terres agricoles en réserves naturelles.,1
14,Préservation de la biodiversité,Il faut privilégier l&apos;aménagement végétal et/ou naturel des berges des rivières plutôt que l&apos;imperméabilisation.,1
14,Préservation de la biodiversité,Il faut sanctuariser nos parcs naturels pour en faire des réserves de biodiversité et des havres de paix pour notre faune.,1
14,Préservation de la biodiversité,"Il faut protéger la nature où qu&apos;elle soit : dans les zones protégées, dans les champs, dans les forêts cultivées, dans les villes, etc.",1
14,Préservation de la biodiversité,Il faut restaurer 30% du territoire national dégradé d’ici 2030 pour freiner l’effondrement de la biodiversité,1
14,Préservation de la biodiversité,Il faut généraliser la protection de toutes les espèces sauvages indigènes (destruction ou atteinte soumise à autorisation administrative).,1
14,Préservation de la biodiversité,"Il faut impérativement restaurer des corridors verts, pour que la faune puisse librement circuler et ainsi éviter la consanguinité.",1
14,Préservation de la biodiversité,"Il faut préserver les dernières zones humides qui restent, et les restaurer quand c&apos;est possible",1
14,Préservation de la biodiversité,Il faut augmenter considérablement les moyens alloués à la restauration des milieux naturels dégradés,1
14,Préservation de la biodiversité,Il faut sanctuariser des espaces naturels dans chaque commune de France.&#10;Cela débuterait par un inventaire citoyen des espaces à préserver.,1
14,Préservation de la biodiversité,Il faut protéger et restaurer les écosystèmes présents sur nos littoraux,1
14,Préservation de la biodiversité,"Il faut changer la vision ""terres protégées"" et ""celles autorisées aux activités humaines"". La nature ne peut pas être sous cloche.",1
14,Préservation de la biodiversité,"Il faut recréer des continuités biologiques à tous les échelons paysagers, des plus locaux au plus vastes",1
14,Préservation de la biodiversité,Il faut protéger les zones de reproduction des espèces menacées.,1
14,Préservation de la biodiversité,"Il faut penser l&apos;intégration des espèces avec l&apos;humain, là ou on ne peut préserver les zones protégées notamment dans les jardins privés",1
14,Préservation de la biodiversité,Il faut favoriser le retour des castors -les zones humides créées par les castors font revenir une faune variée et freinent le réchauffement,1
14,Préservation de la biodiversité,Il faut que dans chaque espace vert personnel ou publique une partie importante soit laissée à la nature pour développer la biodiversité,1
14,Préservation de la biodiversité,"Il faut préserver les zones humides (lacs, marres, cours d&apos;eau...)",1
14,Préservation de la biodiversité,Il faut laisser le vivant dans des zones protégées des humains pour conserver la bio diversité  intacte comme en Guyane,1
14,Préservation de la biodiversité,"Il faut créer beaucoup plus de zones ""intouchables"" pour laisser la nature se régénérer (rewilding en anglais)",1
14,Préservation de la biodiversité,"Il faut étendre davantage la surface des parcs nationaux, régionaux et départementaux.",1
15,Protection de la biodiversité,"Il faut garder un maximum d&apos;espaces herbacés en libre évolution avec une à deux fauches annuelles, seulement. C&apos;est une question d&apos;éducation",1
15,Protection de la biodiversité,"Il faut informer, éduquer les propriétaires de jardin sur l’urgence de faire revenir la biodiversité chez eux, ex :moins de tonte de taille.",1
15,Protection de la biodiversité,Il faut généraliser au niveau des mairies les concours de jardins individuels les plus riches en biodiversité rare.,1
15,Protection de la biodiversité,"Il faut que dans chaque jardin ou balcon de France, le citoyen soit obligé d&apos;installer un nichoir ou une mangeoire pour attirer les oiseaux.",1
15,Protection de la biodiversité,Il faut arrêter la multiplication des ruchers domestiques pour laisser un espace vital aux pollinisateurs sauvages.,1
15,Protection de la biodiversité,"Il faut planter des arbres/buissons et fleurs locales, pour décorer les villes, plutôt que des plamiers et fleurs exotiques inutiles",1
15,Protection de la biodiversité,"Il faut planter des arbres fruitiers, même petits : framboises, groseilles, mûres, ... En appartement sur mon balcon c&apos;est possible",1
15,Protection de la biodiversité,Il faut créer des fermes partagées et des serres partagées,1
15,Protection de la biodiversité,Il faut installer des ruches dans toutes les communes et en favoriser l’installation chez les particuliers. Les abeilles sont essentielles!,1
15,Protection de la biodiversité,Il faut des potagers en permaculture dans les écoles,1
15,Protection de la biodiversité,Il faut enseigner et promouvoir la teinture naturelle à base de plantes locales,1
15,Protection de la biodiversité,"Il faut planter au minimum des fleurs, au mieux des arbres sur un maximum de pelouses et terrains en friche des villes et villages.",1
15,Protection de la biodiversité,Il faut plus d&apos;espaces verts et d&apos;arbres dans les villages et villes françaises.,1
15,Protection de la biodiversité,Il faut planter un arbre dans les espaces verts de la ville ou dans un bosquet proche à la naissance de chaque enfant dans la commune.,1
15,Protection de la biodiversité,"Il faut que l&apos;Etat favorise les semis de plantes mellifères pour les abeilles partout autour des pâturages, grandes cultures, 5 à 10 mètres!",1
15,Protection de la biodiversité,Il faut implanter des ruches dans les.villes,1
15,Protection de la biodiversité,"Il faut lancer une campagne de sensibilisation sur les pelouses et mauvaises herbes, un peu sur le modèle de la campagne des ""fruits moches""",1
15,Protection de la biodiversité,Il faut débitumer là oû ce n&apos;est pas nécessaire : plus d&apos;arbre et de verdure = retour des oiseaux et petits animaux ! Et de fraicheur !,1
15,Protection de la biodiversité,"Il faut dédiaboliser les ""mauvaises herbes"" qui sont bien souvent les plus intéressantes pour la faune indigène.",1
15,Protection de la biodiversité,Il faut faire des jardins et faire des activités de jardinage obligatoires chaque année de l&apos;école maternelle au lycée.,1
16,Réduction de la pollution lumineuse,"Il faut éteindre toutes les enseignes, vitrines de boutique la nuits et limiter la luminosité en journée (trop agressif pour les yeux)",1
16,Réduction de la pollution lumineuse,Il faut diviser par 2 les systèmes d’éclairage dans les grandes villes la nuit sur un créneau horaire (exemple : de 2h à 5h du matin),1
16,Réduction de la pollution lumineuse,"Il faut veiller à ne pas perturber les animaux nocturnes en éteignant les lumières des villes (économie d&apos;énergie, observation des étoiles)",1
16,Réduction de la pollution lumineuse,Il faut éteindre complètement les enseignes la nuit sur un créneau horaire (exemple : de 2h à 6h du matin),1
16,Réduction de la pollution lumineuse,"Il faut imposer l&apos;installation de lampadaires à déclenchement de passage, par exemple dans les parkings privés.",1
16,Réduction de la pollution lumineuse,Il faut réduire la taille des lampadaires placés trop haut et qui éclairent uniquement le sol,1
16,Réduction de la pollution lumineuse,Il faut réduire la pollution lumineuse.,1
16,Réduction de la pollution lumineuse,Il faut éteindre toutes les lumières des lieux inactifs la nuit.,1
16,Réduction de la pollution lumineuse,"Il faut limiter la pollution lumineuse: lampadaires dirigés vers le sol, pas de LED, baisser l&apos;intensité la nuit etc",1
16,Réduction de la pollution lumineuse,"Il faut réduire l&apos;éclairage la nuit (vitrines allumées non stop, éclairages voies publiques sans passage, etc.) car trouble nocturne faune",1
16,Réduction de la pollution lumineuse,Il faut réglementer le recours aux feux d&apos;artifices (récurrence et zone),1
16,Réduction de la pollution lumineuse,"Il faut autoriser en milieu urbain, exclusivement l&apos;éclairage nocturne des enseignes fonctionnant à 100 % aux énergies renouvelables.",1
16,Réduction de la pollution lumineuse,Il faut remplacer les ampoules d&apos;éclairage public par des couleurs jaunes/rouges pour permettre l&apos;orientation des nocturnes (chauve-souris).,1
16,Réduction de la pollution lumineuse,Il faut quand il n&apos;y a plus de lumières en ville pouvoir éclairer le piéton sur son passage,0
16,Réduction de la pollution lumineuse,"Il faut limiter les nuisances sonores inutiles (sons et lumières violents  perturbateurs faune et flore) : soufflage de feuilles, klaxons",0
16,Réduction de la pollution lumineuse,Il faut généraliser l&apos;interdiction à la campagne de l&apos;éclairage public nocturne.,1
16,Réduction de la pollution lumineuse,Il faut obliger toutes les communes à lutter contre la pollution lumineuse. Extinction de l’éclairage public la nuit à partir de minuit.,1
16,Réduction de la pollution lumineuse,"Il faut réduire l&apos;intensité sonore des feux d&apos;artifice, trop d&apos;oiseaux succombent aux ondes sonores élevées provoquées par les détonations.",0
16,Réduction de la pollution lumineuse,Il faut mettre des capteurs de mouvement pour les éclairages publics qui doivent être tous être éteints une fois les restaurants fermés.,1
16,Réduction de la pollution lumineuse,Il faut réduire la vitesse de circulation la nuit pour limiter les dégâts aux animaux sauvages.,0
17,Développement durable local,Il faut plus de financements pour les structures environnementales et ainsi favoriser le salariat au bénévolat !,1
17,Développement durable local,Il faut une aide nationale à la végétalisation des rues/façades et militer auprès des Bâtiments de France pour lever certaines restrictions,1
17,Développement durable local,"Il faut instaurer l&apos;écologie pratique et conviviale : école, travail, quartier, vente d&apos;occasion, échanges de services, covoiturage, prêts",1
17,Développement durable local,"Il faut mettre en place des balades natures ouvertes à tou.te.s, organisées par les municipalités avec les associations, et gratuitement.",1
17,Développement durable local,Il faut des incitations financières à la réparation/réparabilité,1
17,Développement durable local,"Il faut des CEN, instances de décision officielles, dans les  assemblées préfectorales,&#10;départementales et régionales.",1
17,Développement durable local,"Il faut promouvoir les KBAs auprès de tous, les intégrer dans les plans d&apos;aménagement du territoire et la stratégie 30x30 du gouvernement.",1
17,Développement durable local,"Il faut obliger les conseils d&apos;administration à inviter un ""représentant de la nature"" dans leurs réunions",1
17,Développement durable local,"Il faut dans chaque commune de plus de 100 000 habitants et chaque commune de leur agglomération, l&apos;obligation d&apos;avoir des jardins ouvriers.",1
17,Développement durable local,Il faut organiser avec les écoles et les associations des journées de nettoyage de notre environnement,1
17,Développement durable local,Il faut informer chaque citoyen des gestes qu&apos;il peut faire à son échelle,1
17,Développement durable local,"Il faut que tous participe au nettoyage des chemins dans les bois et plaines, agriculteurs, chasseurs en rajoutant les randonneurs",1
17,Développement durable local,Il faut mettre en place dans chaque quartier des espaces d’échanges entre habitants/assos sur les pratiques écologiques dans le quartier,1
17,Développement durable local,Il faut Financer des projets éco-concitoyens. Les encourager à devenir acteur de leurs communes.,1
17,Développement durable local,"Il faut favoriser les projets réaliste par rapport aux vents, incluant la dépollution, en financement participatif.",1
17,Développement durable local,"Il faut instaurer un ""passeport"" touristique local avec visa afin de limiter l&apos;impact du tourisme de masse même pour les habitants du pays.",1
17,Développement durable local,Il faut encourager et financer le retour des citadins à la campagne par la reprise des fermes et la conversion en Permaculture,1
17,Développement durable local,Il faut assouplir les âneries d&apos;urbanisme et éviter de tondre le résultats d’actions spontanées ou collectives sur zones insignifiantes,1
17,Développement durable local,"Il faut redéfinir avec les collectivités littorales, le trait de côte à 50 ans et inscrire leur modification dans les outils d&apos;urbanisme",1
17,Développement durable local,Il faut une police de l&apos;environnement indépendante au même titre que la police nationale et la gendarmerie,1
18,Interdiction de la chasse,"Il faut interdire la vente des produits de nourrissage des oiseaux, qui sont mis à disposition en grande surface toute l&apos;année",0
18,Interdiction de la chasse,"Il faut arrêter de tuer les animaux classés ""nuisibles"", par ex. le renard et de chasser les oiseaux migrateurs",1
18,Interdiction de la chasse,Il faut interdire l&apos;élevage d&apos;animaux destinés à être relâchés pour la chasse.,1
18,Interdiction de la chasse,"Il faut arrêter la chasse telle qu&apos;elle est aujourd&apos;hui: loisir, amusements, barbarie; il faut que ça cesse; il y a des solutions!",1
18,Interdiction de la chasse,Il faut interdire le « débourrage » des chiens lors de la chasse dite « au ferme ».,1
18,Interdiction de la chasse,Il faut arrêter de publier des listes d&apos;animaux nuisibles et laisser s&apos;auto réguler la nature,1
18,Interdiction de la chasse,Il faut sanctionner les actes de cruauté sur les animaux sauvages et le fait de leur donner la mort sans nécessité ou par négligence.,1
18,Interdiction de la chasse,Il faut n’autoriser la chasse qu’aux abords des cultures et laisser les animaux sauvages vivre en toute quiétude au cœur des forêts.,0
18,Interdiction de la chasse,Il faut supprimer la chasse,1
18,Interdiction de la chasse,Il faut retirer les chasseurs des commissions consultatives départementales de la chasse et de la biodiversité car ils y sont surreprésentés,1
18,Interdiction de la chasse,Il faut interdire 365 jours par an et 24h sur 24 la présence des chiens sur les grèves,0
18,Interdiction de la chasse,Il faut interdire le déterrage sauvage des blaireaux et de renards utiles pour limiter les populations de rongeurs dans les cultures.,1
18,Interdiction de la chasse,Il faut interdire les «battue affinitaire ».,1
18,Interdiction de la chasse,Il faut interdire la chasse du courlis cendré et de tous les limicoles.,1
18,Interdiction de la chasse,Il faut supprimer les lâchers d’animaux élevés pour être chassés.,1
18,Interdiction de la chasse,Il faut interdire la chasse le dimanche et les pratiques cruelles comme la chasse à cours ou la venerie sous terre,1
18,Interdiction de la chasse,Il faut obliger les chasseurs a passer une visite médicale et interdire le permis de chasse sur le domaine publique si inaptitude,0
18,Interdiction de la chasse,Il faut modifier la composition de l&apos;OFB et cesser d&apos;élaborer des plans de chasse - veneurs et chasseurs alors que les espèces s&apos;effondrent,1
18,Interdiction de la chasse,Il faut interdire la chasse là où les grands prédateurs sont présents pour leur permettre de réguler et de mettre en évidence leur rôle.,1
18,Interdiction de la chasse,Il faut interdire la chasse sur tout le territoire français au moins une semaine sur deux entre août et mars.,1
19,Transports en commun durables,Il faut remettre en place le réseau de transport ferroviaire pour les camions de transport comme ce fût le cas il y a des années.,1
19,Transports en commun durables,Il faut réhabiliter les transports sur rail et sur l&apos;eau. En particulier réouvrir des voies ferrées,1
19,Transports en commun durables,"Il faut rendre gratuits les transports en commun (bus, TER, tram ) et taxer les gros consommateurs d&apos;énergie qui en ont les moyens.",1
19,Transports en commun durables,Il faut renforcer le développement local en restaurant lignes de train et déplacements doux en campagne vers des villages sans pesticides.,1
19,Transports en commun durables,Il faut faciliter les déplacements à pied en entretenant les chemins existants et en créant de nouveaux,1
19,Transports en commun durables,Il faut développer les transports en commun,1
19,Transports en commun durables,Il faut limiter la quantité et évaluer la nécessité des déplacements professionnels par avion et voiture.,1
19,Transports en commun durables,Il faut mettre en place un maillage de transports en commun dans les zones et periurbaines,1
19,Transports en commun durables,Il faut imposer le transit ferroviaire aux camions qui traversent notre pays,1
19,Transports en commun durables,"Il faut favoriser le trains, en guise et place de l&apos;avion, au moins sur l&apos;échelle nationale et européenne",1
19,Transports en commun durables,Il faut indemniser les entreprises qui proposent des avantages à leurs salariés s&apos;inscrivant dans la mobilité  douce.,1
19,Transports en commun durables,Il faut remettre en service dans les villes les cantonniers qui ramasseront tous les déchets jetés par les automobilistes et autres.,0
19,Transports en commun durables,Il faut accélérer la débétonnisation de ce qui n&apos;est pas utile en ville.,1
19,Transports en commun durables,"Il faut plus de passerelles au dessus des grands axes routiers (autoroutes, voies rapides) afin de permettre le brassage génétique animal",0
19,Transports en commun durables,Il faut détruire une partie du réseau routier,0
19,Transports en commun durables,Il faut mettre en place un forfait déplacement abordable incluant les transports en commun de l&apos;ensemble de la France.,1
19,Transports en commun durables,Il faut favoriser les modes de transport doux pour tous: accès au ferroviaire par des prix bas et développement des pistes cyclables partout,1
19,Transports en commun durables,Il faut juste un peu de bon sens aux chauffeurs qu&apos;ils adaptent leurs vitesses aux routes empruntées.,1
19,Transports en commun durables,Il faut pouvoir accéder au plus vite à des voitures électriques abordable.,1
19,Transports en commun durables,Il faut privilégier la gratuité des transports en commun fonctionnant aux énergies renouvelables si tous ne peuvent être gratuits.,1
