cluster_id,assigned_theme,proposition,pertinente,suggested_theme
0,Transports plus respectueux,"obliger les sports polluants ou bruyants (course voiture, rally) de corriger l&apos;effet indésirable, ex. voiture solaire ou électrique",1,
0,Transports plus respectueux,créer un impôt conséquent aux trop aisés qui ont un mode de vie beaucoup plus énergivore et polluant qu&apos;un individu sobre et normal,1,
0,Transports plus respectueux,"une politique de transports en commun incitative et non punitive, de la location de voiture et de vélos partout.",1,
0,Transports plus respectueux,"interdire les panneaux publicitaires lumineux. Cela consomme de l’énergie, exige des investissements financés par la collectivité.",1,
0,Transports plus respectueux,que les bus et vélos soient gratuits pour les personnes à faibles revenus (transport doux),1,
0,Transports plus respectueux,limiter la quantité et évaluer la nécessité des déplacements professionnels par avion et voiture.,1,
0,Transports plus respectueux,"interdire tous les véhicules de type particulier de plus de 100 cv, moto inclus. Et faire de même pour l&apos;électrique.",1,
0,Transports plus respectueux,limiter le nombre de vols en avions possible dans une vie.,1,
0,Transports plus respectueux,rendre l&apos;installation de panneaux solaires beaucoup moins couteux pour les classes moyennes et basses sinon ce ne sera pas faisable.,0,Énergie renouvelable
0,Transports plus respectueux,"indexer les abonnements des d’énergies (eau, électricité) en fonction de sa consommation, moins tu consommes moins c’est cher.",0,Énergie et consommation
0,Transports plus respectueux,taxer les voyages en avion qui sont très gourmands en énergie,1,
0,Transports plus respectueux,"revenir sur les 40 dernières années et faire payer ceux qui sont responsables du réchauffement climatique, (multinationales...)",1,
0,Transports plus respectueux,inventer des moyens de transport moins lourds et moins polluants pour les petits trajets en zone rurale,1,
0,Transports plus respectueux,taxer les activités industrielles polluantes pour financer des projets de préservation.,1,
0,Transports plus respectueux,arrêter la course aux progrès technologiques.,0,Développement durable
0,Transports plus respectueux,"arrêter que tous ces bateaux pollueurs envahissent notre belle mer Méditerranée, les petits comme les gros.",1,
0,Transports plus respectueux,que l&apos;huile de palme coûte plus cher,0,Environnement et économie
0,Transports plus respectueux,"interdire aux entreprises le renouvellement trop fréquent des équipements informatiques (tel, pc)",0,Déchets et consommation
0,Transports plus respectueux,privilégier le transport de personnes avec des bateaux équipés de moteurs solaires et de toilettes sèches,1,
0,Transports plus respectueux,mettre la pression sur les plus riches,0,Réduction des inégalités
1,Gestion des déchets,que les fumeurs arrêtent de jeter leur mégots par terre et les reprendre si pris en flagrant délit.,1,
1,Gestion des déchets,supprimer les taxes ordures et que les concitoyens se rendent en direct à la décharge. Ainsi chacun sera responsable de son tri,1,
1,Gestion des déchets,"créer un maximum de centres de tris à proximité, pour mieux gérer les déchets et éviter qu&apos;ils polluent les eaux et terrains",1,
1,Gestion des déchets,interdire les décharges de déchets d&apos;aller dans la mer ou de les envoyer dans des pays en développement pour les polluer,1,
1,Gestion des déchets,"arrêter de produire des déchets, sauf les verts qui ne sont pas des déchets mais de l&apos;or.",1,
1,Gestion des déchets,revaloriser les déchets,1,
1,Gestion des déchets,désacraliser la méthanisation : le cycle/rendement est plus approprie en compostage pour les déchets végétaux !,1,
1,Gestion des déchets,créer une taxe pour les familles nombreuses générant plus d&apos;empreinte carbone et de déchets qu&apos;un couple avec animaux domestiques !,1,
1,Gestion des déchets,que les communes fournissent des composteurs domestiques gratuits pour réduire les déchets organiques et enrichir le sol.,1,
1,Gestion des déchets,"sanctionner plus sévèrement et dénoncer publiquement les personnes qui abandonnent déchets, encombrants, gravats, etc dans la nature",1,
1,Gestion des déchets,"nettoyer les cours d&apos;eau et distribuer des amandes conséquentes aux personnes qui jettent leurs déchets dans la rue (sacs, mégots)",1,
1,Gestion des déchets,que les paquebots puissent éviter de polluer la mer avec leur essence,1,
1,Gestion des déchets,"insister sur l&apos;éducation des plus jeunes au respect de l&apos;environnement, notamment multiplier les ramassages de détritus plastiques",1,
1,Gestion des déchets,"sensibiliser des le plus jeune age, a l’école, sur le fait que jeter mégots et autres déchets par terre, pollue et provoque des feux",1,
1,Gestion des déchets,forcer les multinationales à respecter l&apos;environnement : leur imposer de vraies limites et les sanctionner lourdement,1,
1,Gestion des déchets,que tout bateau ayant pratiqué dégazage ou déballastage directement en mer (et l&apos;entreprise responsable) soit interdit de navigation,1,
1,Gestion des déchets,mettre en place des amendes pour ceux qui jettent leur dechets non biodegradables dans la nature en se promenant ou en voiture.,1,
1,Gestion des déchets,arrêter de nuire aux espaces verts naturels. Déchets toxiques  et plus de budget pour une nature propre.,1,
1,Gestion des déchets,obliger les entreprises à payer la réparation des dégâts et des pollutions qu&apos;elles occasionnent,1,
1,Gestion des déchets,ramasser les déchets en bord de route avant de passer sur la banquette avec l&apos;épareuse,1,
2,Interdiction de la chasse,interdire les écobuages et les dérogations préfectorales les permettant,1,
2,Interdiction de la chasse,interdire la chasse le dimanche,1,
2,Interdiction de la chasse,interdire le commerce de la fourrure.,1,
2,Interdiction de la chasse,"interdire la chasse au moins deux jours par semaine, dont le dimanche et les jours fériés",1,
2,Interdiction de la chasse,punir la clôture des grands domaines de chasse en Sologne. C&apos;est interdit mais ils ne font rien.,1,
2,Interdiction de la chasse,savoir que la chasse avec des armes à feu est autorisée dès 16 ans.,0,Législation sur les armes
2,Interdiction de la chasse,"arrêter la chasse aux oiseaux , rien ne la justifie, les effectifs sont partout en baisse .",1,
2,Interdiction de la chasse,"interdire la chasse nocturne, où l&apos; on ne voit pas si type d&apos; espèce : protégée ou non",1,
2,Interdiction de la chasse,"interdire les huttes de chasse, véritable ""tir au pigeon"" !",1,
2,Interdiction de la chasse,que la chasse devienne une profession pour que son rôle de régulation soit fait correctement. Ça ne doit plus être un loisir.,0,Gestion de la faune
2,Interdiction de la chasse,interdire l&apos;élevage d&apos;animaux destinés à être relâchés pour la chasse.,1,
2,Interdiction de la chasse,interdire l&apos;exportation et l&apos;importation d&apos;animaux vivants.,0,Protection de la faune
2,Interdiction de la chasse,bannir les primes à la queue de ragondin.,0,Gestion de la faune
2,Interdiction de la chasse,interdire l&apos;apprentissage de la cruauté sur animaux telle que la corrida,1,
2,Interdiction de la chasse,"interdire les ""chasses"" en enclos et promouvoir les chasses naturelles, éthiques et respectueuses de l&apos;environnement",1,
2,Interdiction de la chasse,interdire la pêche et la chasse toute l&apos;année !,1,
2,Interdiction de la chasse,savoir que l’ingestion de plomb est à l’origine du saturnisme.,0,Santé publique
2,Interdiction de la chasse,interdire la chasse le dimanche et les pratiques cruelles comme la chasse à cours ou la venerie sous terre,1,
2,Interdiction de la chasse,progressivement interdire la chasse en France puis en Europe et changer de logiciel en réfutant le dogme de l&apos;anthoprocentrisme.,1,
2,Interdiction de la chasse,"interdire la ""chasse aux fermes"".",1,
3,Protection de la biodiversité,que chaque personne qui se sent concernée par cette question se mette en grève jusqu&apos;à ce que les dirigeants et lobbyes plient.,1,
3,Protection de la biodiversité,renforcer fortement les effectifs de la police de l&apos;environnement (OFB) afin de contrôler correctement les règles déjà existantes,1,
3,Protection de la biodiversité,redonner des moyens aux chercheurs et scientifiques,1,
3,Protection de la biodiversité,revoir entièrement les mesures de compensation qui ne prennent pas en compte les réalités écologiques des destructions des projets,1,
3,Protection de la biodiversité,réfléchir à une alliance entre un service rentable et la sobriété,1,
3,Protection de la biodiversité,"tripler les moyens publics des opérateurs de protection de la biodiversité (agences type OFB et FRB, recherche, associations, ONG).",1,
3,Protection de la biodiversité,restaurer les écosystèmes en priorisant leur résilience future au dérèglement climatique,1,
3,Protection de la biodiversité,penser la protection de la biodiversité par le prisme des 9 limites planétaires : 6 ont déjà été dépassé d’après les scientifiques.,1,
3,Protection de la biodiversité,"un fonds public pour financer l&apos;évaluation de la qualité des sols et pour leur sauvegarde (diagnostics, formations, restaurations).",1,
3,Protection de la biodiversité,supprimer le financement de l&apos;ARS afin de financer les travaux de distribution de l&apos;eau et de l&apos;assainissement.,0,Infrastructure et services publics
3,Protection de la biodiversité,anticiper les effets du réchauffement climatique pour cibler des actions pertinentes visant à protéger des biodiversités viables.,1,
3,Protection de la biodiversité,"faire une loi responsabilité des entreprises: s&apos;ils polluent les sols ou cours d&apos;eau, ils doivent financer les travaux de réparation",1,
3,Protection de la biodiversité,allouer directement les penalités émises contre les contrevenants environnementaux ex. EUDR aux politiques publiques environmentales,1,
3,Protection de la biodiversité,un bilan d’impact a posteriori des politiques publiques en faveur de l’environnement,1,
3,Protection de la biodiversité,que les personnes qui contrôlent soient des personnes sensibles à la biodiversité et non des pro-chasseurs,1,
3,Protection de la biodiversité,"que les décisions soient prises par des experts, et non par des associations militantes, ou le grand publique qui ignore le fond",1,
3,Protection de la biodiversité,repenser la biodiversité via un prisme kincentrique (tous les existants sur un même pied d&apos;égalité),1,
3,Protection de la biodiversité,qu&apos;il y ait un organisme indépendant qui valide ou non tout projet immobilier susceptible de détruire un espace de biodiversité.,1,
3,Protection de la biodiversité,maximiser les actions dans les Dom Tom où est concentrée la biodiversité française,1,
3,Protection de la biodiversité,soumettre toute coupe d&apos;arbre à obligation de la justifier et à autorisation par un ministère de la biodiversité,1,
4,Protection de la faune sauvage,"former les architectes au respect biodiversité et imposer sur chaque maison des nichoirs à oiseaux, abris à hérissons/chauves-souris",1,
4,Protection de la faune sauvage,mettre des filets anti oiseaux sur les pylônes de télécommunications,1,
4,Protection de la faune sauvage,lutter contre l’obsolescence programmée,0,Consommation durable
4,Protection de la faune sauvage,lancer une réelle étude permettant de definir l&apos;impact du chat domestique errant sur la biodiversité (petits reptiles & passereaux),1,
4,Protection de la faune sauvage,installer des nids dans les jardins publics pour les petits oiseaux. Surveiller et lutter contre les espèces animales invasives,1,
4,Protection de la faune sauvage,limiter les animaux domestiques en ville qui provoquent toute une industrie délétère de la viande.,1,
4,Protection de la faune sauvage,informer les gens du comment ils peuvent aider la faune en période difficile (ex eau pour les insectes l&apos;été),1,
4,Protection de la faune sauvage,"obliger les gens qui ont un chat a le garder chez eux : il y en a marre des destructions de nids, etc. :c&apos;est une plaie nationale !",1,
4,Protection de la faune sauvage,demander aux mairies de donner aux habitants un formulaire expliquant comment nourrir les oiseaux et faciliter leur vie en hiver.,1,
4,Protection de la faune sauvage,aider les propriétaires de chats a les stériliser et stériliser les chattes errantes pour la préservation des oiseaux,1,
4,Protection de la faune sauvage,"apprendre le nom des animaux de nos campagnes : oiseaux, insectes, mammifères.",1,
4,Protection de la faune sauvage,limiter drastiquement les pesticides afin de restaurer la biodiversité des sols et l&apos;empoisonnement des insectes et oiseaux.,1,
4,Protection de la faune sauvage,"des abris dans toutes les villes (oiseaux, chauve souris, insectes) afin de réguler les + intempestives naturellement (moustiques).",1,
4,Protection de la faune sauvage,"que les mairies valident et enregistrent les jardins ""refuge LPO"", afin que les propriétaires bénéficient d&apos;un rabais fiscal.",1,
4,Protection de la faune sauvage,installer des cabanes couvertes pour les animaux errants afin qu’ils puissent être en sécurité lors d’averses ou de fortes chaleurs,1,
4,Protection de la faune sauvage,"limiter la prolifération des animaux de compagnie, source de pollution et tueurs d&apos;oiseaux sauvages.",1,
4,Protection de la faune sauvage,"réapprendre le savoir-vivre ensemble (bruits/odeurs, promeneurs et chasseurs, chien/chat et petites faunes) sans culpabiliser",1,
4,Protection de la faune sauvage,"mettre des abris à disposition de la faune dans les parcs publics (chauves-souris, hérissons, oiseaux)",1,
4,Protection de la faune sauvage,"que l’État participe financièrement aux campagnes de stérilisation des chats, et à la prise en charge des animaux abandonnés.",1,
4,Protection de la faune sauvage,demander des études d&apos;impact sérieuses sur les effets de la démoustication notamment avec le bacillus thuringiensis israelensis,1,
5,Urbanisme durable et vert,interdire les centrales électriques solaires sur terrain cultivable ou friche pour reboiser au lieu de détériorer les territoires,1,
5,Urbanisme durable et vert,aider fortement à la rénovation des logements vacants et interdire les constructions neuves.,1,
5,Urbanisme durable et vert,"cesser de construire des autoroutes à deux voies inutiles, mettant en péril nos espaces verts et notre santé.",1,
5,Urbanisme durable et vert,"stopper immédiatement l&apos;artificialisation des sols. Terminés les nouveaux entrepots, magasins, lotissements : on rénove...",1,
5,Urbanisme durable et vert,"que les bâtiments neuf ou rénovés intègrent des aménagements pour accueillir la biodiversité (charpente, façades, etc.)",1,
5,Urbanisme durable et vert,utiliser les anciennes friches commerciales ou industrielles pour construire des logements au lieu de terrains agricoles ou naturels,1,
5,Urbanisme durable et vert,que les nouvelles constructions de bâtiments collectifs soient systématiquement tempérées par des toits végétalisés.,1,
5,Urbanisme durable et vert,"mieux aider, mieux promouvoir l&apos;implantation de panneaux solaires sur les toits des habitations sur notre territoire.",1,
5,Urbanisme durable et vert,protéger coûte que coûte les arbres et les intégrer dans les projets architecturaux plutôt que de les couper,1,
5,Urbanisme durable et vert,aider à la construction de bassins naturels (sans poissons).,1,
5,Urbanisme durable et vert,stopper les projets routiers anachroniques comme le BIP (boulevard intercommunal du Parisis)/ dept95 destructeur d&apos;espaces naturels,1,
5,Urbanisme durable et vert,interdire les permis de construire pour piscines individuelles: la liberté des uns ne doit pas compromettre la liberté des autres.,1,
5,Urbanisme durable et vert,mettre les panneaux photovoltaïques sur les toits et les parkings et non pas à la place des espaces naturels et forestiers.,1,
5,Urbanisme durable et vert,s&apos;opposer aux projets de photovoltaïque flottant tant que les surfaces artificialisées ne sont pas toutes équipées,1,
5,Urbanisme durable et vert,imposer l&apos;installation d&apos;une barrière verte constituée d&apos;arbres et de haies autour des nouveaux lotissements.,1,
5,Urbanisme durable et vert,restaurer les maisons/appartements vides pour éviter au maximum de construire de nouveaux bâtiments sur des zones agricoles,1,
5,Urbanisme durable et vert,"construire des bâtiments d&apos;habitation sur la forme de pyramide, en bas des commerces, services, en dessous des parkings,",1,
5,Urbanisme durable et vert,imposer la végétalisation des lieux et bâtiments (construction ou rénovation),1,
5,Urbanisme durable et vert,"arrêter d&apos;appauvrir les municipalités, les forcer de vendre des terrains communaux, construire à outrance pour préserver le budget.",0,Gestion financière municipale
5,Urbanisme durable et vert,freiner ou interdire artificialisation (bétonnage) des sols dans les pavillons individuels.,1,
6,Gestion de l'eau pluviale,obliger les futurs pavillons/immeubles à intégrer aux projets des cuves souterraines récupération eaux de pluie pour WC et arrosages,1,
6,Gestion de l'eau pluviale,systématiser la collecte de l’eau de pluie et des eaux grises réhabilitées pour tous les usages possible,1,
6,Gestion de l'eau pluviale,interdire l&apos;utilisation d&apos;eau potable pour les sanitaires,0,Gestion de l'eau potable
6,Gestion de l'eau pluviale,arrêter les rejets d’eaux grises dans les fleuves et tous les rejets divers (chimiques…) qui polluent,1,
6,Gestion de l'eau pluviale,sensibiliser sur les bienfaits (ou sur les non-risques) de la consommation d’eau du robinet,0,Gestion de l'eau potable
6,Gestion de l'eau pluviale,"responsabiliser les industriels et basculer coût et dépollution des eaux, espaces naturels sur eux au lieu des collectivités.",1,
6,Gestion de l'eau pluviale,limiter ou interdire la pêche en eaux profondes,0,Gestion des pêches marines
6,Gestion de l'eau pluviale,"un environnement urbain et développer les surfaces non bitumées, chemins etc, pour permettre aux eaux pluviales de s&apos;infiltrer",1,
6,Gestion de l'eau pluviale,contrevenir ceux qui polluent non seulement la terre mais aussi les eaux jusqu&apos;à l&apos;océan,1,
6,Gestion de l'eau pluviale,"que les services concernés effectuent un recensement sérieux et une gestion des forages ""eau"" dont certains sont à déclarer",0,Gestion des ressources en eau souterraine
6,Gestion de l'eau pluviale,arrêter la production de l’eau en bouteille car seule l’utilisation des filtres dans le foyer est nécessaire et suffisante,0,Gestion de l'eau potable
6,Gestion de l'eau pluviale,favoriser les fausses sceptiques plutôt que les réseaux d’assainissement responsables par temps d’orage des rejets dans les rivières,1,
6,Gestion de l'eau pluviale,laisser quelques fuites d’eaux dans les réseaux des tuyaux pour alimenter la végétation urbaine indispensable.,1,
6,Gestion de l'eau pluviale,économiser la moindre goutte d&apos;eau et traquer les fuites,1,
6,Gestion de l'eau pluviale,"que l’eau des WC devienne non potable, au lieu de gaspiller celle qu’on pourrait boire.",0,Gestion de l'eau potable
6,Gestion de l'eau pluviale,réguler l’accès à l’eau par les industriels / société privée,0,Gestion des ressources en eau
6,Gestion de l'eau pluviale,"restaurer le cycle de l’eau en reconstruisant les systèmes de bocages ( fraîcheurs, coupe vent et abri faune auxiliaire)",1,
6,Gestion de l'eau pluviale,interdire la remplissage des piscines privées dans les régions où les nappes phréatiques sont en diminution récurrente.,1,
6,Gestion de l'eau pluviale,favoriser les « toilettes japonaises » plutôt que l’utilisation de rouleaux de papier toilette.,0,Assainissement et hygiène
6,Gestion de l'eau pluviale,interdire la distribution de bouteilles d&apos;eau plate dans les lieux publics ayant accès à l&apos;eau potable,0,Gestion des déchets
7,Végétalisation des villes,planter des arbres sur toutes les grandes places publiques qui sont bétonnées afin d&apos;apporter ombre et fraîcheur aux piétons.,1,
7,Végétalisation des villes,créer des oasis de verdures en milieu urbain et des toitures végétalisées autonomes.,1,
7,Végétalisation des villes,obliger les constructeurs automobile à proposer des voitures consommant 1 ou 2 litres/100 Km.,0,Transport durable
7,Végétalisation des villes,"supprimer et limiter le revêtement des places publiques aux seuls chemins traversants, pour les handicapés et les poussettes.",1,
7,Végétalisation des villes,"mettre des grandes coupelles remplies d&apos;eau pour la faune, dans les jardins et parcs publics, au sol (hérissons) et dans les arbres",1,
7,Végétalisation des villes,réduire l&apos;éclairage artificiel pour préserver la faune nocturne.,0,Environnement urbain
7,Végétalisation des villes,interdire les panneaux publicitaire lumineux en extérieur et limiter la luminosité en intérieur (agressivité au niveau oculaire),0,Environnement urbain
7,Végétalisation des villes,penser aux piétons en zone rurale. Faucher quand-même un bas-côté de la route sur deux pour qu&apos;ils soient en sécurité.,0,Sécurité routière
7,Végétalisation des villes,revoir les règles lors de la création de lotissements : trop de zones bitumées pour des places de parking jamais utilisées,1,
7,Végétalisation des villes,des tunnels pour les passages d&apos;animaux en dessous des routes pour éviter d&apos;être renversés par la circulation,0,Infrastructure et transports
7,Végétalisation des villes,que toutes les villes aient l’obligation de planter un maximum de micro-forêts style Miyazaki,1,
7,Végétalisation des villes,OBLIGER les communes à installer des composteurs collectifs.,1,
7,Végétalisation des villes,"plus de nature en ville, implanter des allées d’arbres, investir les dents creuses en mini parcs plutôt que densifier les logements",1,
7,Végétalisation des villes,"permettre un droit de préemption d&apos;achat aux voisins cadastraux, avant la vente à un promoteur pour la division en lots.",0,Urbanisme et aménagement
7,Végétalisation des villes,rendre obligatoire la plantation d’arbres sur les parkings de plus de 5 places,1,
7,Végétalisation des villes,végétaliser les toits afin d&apos;accueillir la biodiversité mais aussi d&apos;économiser de l&apos;énergie,1,
7,Végétalisation des villes,réduire l&apos;éclairage public,0,Énergie et environnement
7,Végétalisation des villes,interdire le bétonnage et le pavage des villes à outrance.,1,
7,Végétalisation des villes,baisser partout la vitesse de 20km/h lors des canicules,0,Infrastructure et transports
7,Végétalisation des villes,réserver des voies de circulation uniquement vélo sur des créneaux horaires fixes et permettre ainsi de profiter de la nature !,0,Infrastructure et transports
8,Éducation à la nature,"organiser le ramassage des déchets chaque semaine via les mairies, écoles, collèges, lycées et associations.",1,
8,Éducation à la nature,"encourager les personnes qui viennent en France , et à apprendre le Français, à prendre des cours pour protéger la nature.",1,
8,Éducation à la nature,"faire plus de classes découvertes à l&apos;école, dans la forêt ou à la mer pour découvrir les écosytèmes.",1,
8,Éducation à la nature,"sensibiliser les enfants à l&apos;importance de la biodiversité, ceci dès les classes primaires",1,
8,Éducation à la nature,expliquer et impliquer les enfants dans l&apos;importance de la biodiversité. Leur fournir des compétences pratiques pour la protéger,1,
8,Éducation à la nature,éduquer les adultes : l&apos;exemplarité est la clé,1,
8,Éducation à la nature,sensibiliser les plus jeunes avec des heures réservées à l’école pour parler de la biodiversité et surtout agir !,1,
8,Éducation à la nature,éduquer nos enfants dans nos écoles dès la primaire sur l&apos;importance de nos écosystèmes,1,
8,Éducation à la nature,"enseigner le soin de la nature dans les écoles tous niveaux, une demi-journée par mois (enseignement, plantations, observations)",1,
8,Éducation à la nature,"sensibiliser dès le plus jeune âge au respect de la nature (ne pas jeter ses déchets, etc.).",1,
8,Éducation à la nature,diminuer les coûts des chasseurs et attirer plus de jeunes. Communiquer et montrer aux gens l&apos;importance et le de cette pratique.,0,Gestion de la faune
8,Éducation à la nature,créer plus d&apos;écoles alternatives qui favorisent le contact des enfants avec la nature et les animaux,1,
8,Éducation à la nature,"reconstituer le lien entre nature et humain dès l&apos;école, faire sortir les classes primaires, les faire manipuler et expérimenter.",1,
8,Éducation à la nature,"débétoniser et végétaliser les cours d’école, pour sensibiliser dès l’enfance et avoir en ville des espaces de biodiversité protégés",1,
8,Éducation à la nature,"mettre en place des cours d’écologie à l’école, dès la primaire, afin d’encrer les réflexes et bonnes pratiques dans les mentalités.",1,
8,Éducation à la nature,"apprendre aux enfants à reconnaître les plantes, les arbres, les oiseaux, etc.",1,
8,Éducation à la nature,"que, dans chaque cursus scolaire, il y ait une part importante de la compréhension de la richesse qu&apos;est la biodiversité.",1,
8,Éducation à la nature,sensibiliser les jeunes via de la plongée sous-marine pour montrer les effets de la perte de biodiversité marine,1,
8,Éducation à la nature,sensibiliser les écoliers à l&apos;environnement en organisant des opérations de nettoyage de forêts et à économiser l&apos;eau et l&apos;énergie,1,
8,Éducation à la nature,"apprendre aux enfants le rôle des vers de terre, des fourmis, etc.",1,
9,Alimentation durable et végétale,privilégier les achats &apos;seconde main&apos; et ne consommer que le nécessaire.,0,Consommation responsable
9,Alimentation durable et végétale,"interdire les pubs de conso qui prônent et alimentent l&apos;orgueil, la vanité et l&apos;individualisme des individus.",1,
9,Alimentation durable et végétale,consommer local et arrêter d&apos;acheter sur internet pour favoriser l&apos;économie locale (pas de transport),1,
9,Alimentation durable et végétale,"optimiser la consommation des plantes invasives dans la mesure du possible (renouée du Japon, l&apos;armoise de Chine etc.), du vrai bio ",1,
9,Alimentation durable et végétale,"cultiver fruits et légumes par les communes ou syndicats intercommunaux pour les cantines (scolaires, EHPAD, etc.)",1,
9,Alimentation durable et végétale,"Il faut, pour manger, privilégier la bio au conventionnel local car le mode de production a plus d&apos;impact environnemental que le transport",1,
9,Alimentation durable et végétale,"apprendre à lutter contre la production de méthane, car le méthane est 30 x pire que le CO2. ",1,
9,Alimentation durable et végétale,"mettre dans les rayons fruits/légumes/céréales des images pour savoir comment c&apos;est fait et ça pousse dans la nature(arbre,sol,tige)",1,
9,Alimentation durable et végétale,sanctionner beaucoup plus lourdement la chasse et la consommation de viande de hérisson. Et informer les gens concernés.,1,
9,Alimentation durable et végétale,"changer nos habitudes de consommation, acheter moins mais mieux. bouder les produits de piètre qualité et nocifs pour la planète",1,
9,Alimentation durable et végétale,taxer les produits alimentaires en fonction du kilomètre parcouru depuis le lieu de production jusqu&apos;au lieu de consommation.,1,
9,Alimentation durable et végétale,imposer des plats végétariens systématiquement dans toutes les cantines et restaurants,1,
9,Alimentation durable et végétale,améliorer la qualité de l&apos;eau des cours de France,0,Environnement et eau
9,Alimentation durable et végétale,"que les grandes surfaces arrêtent d’imposer des calibrages pour les fruits et légumes, moins de pertes et un cercle plus vertueux!",1,
9,Alimentation durable et végétale,"favoriser une alimentation plus végétale à l&apos;école, en entreprise, etc. Son mode de production est plus pérenne pour le Vivant.",1,
9,Alimentation durable et végétale,arrêter la consommation de certains aliments surtout la viande et nous diriger vers des régimes plus en accord avec la nature.,1,
9,Alimentation durable et végétale,garder une alimentation équilibrée. Les produits laitiers et la viande doivent être contrôlés pas presque supprimés pour notre corps,1,
9,Alimentation durable et végétale,proposer des recettes végétariennes accessibles dans les médias,1,
9,Alimentation durable et végétale,que les commerçants proposent des fruits et légumes rares ou anciens,1,
9,Alimentation durable et végétale,éduquer à la prise de recul par rapport à la publicité qui pousse à consommer plus,1,
10,Protection de la nature,développer des aires strictement protégées pour préserver les écosystèmes fragiles.,1,
10,Protection de la nature,mettre des bouées de mouillage pour les bateaux pour préserver les fonds marins.,1,
10,Protection de la nature,"en parallèle des parc naturels créer des zones et couloirs réservés à la faune, la flore sauvage et zone humide sur les communes",1,
10,Protection de la nature,"interdire le chalutage de fond, qui détruit les fonds marins et rafle tout, sans distinction d&apos;âge ou d&apos;espèce.",1,
10,Protection de la nature,"créer des zones protégées pour préserver les espèces endémiques, surtout dans les îles",1,
10,Protection de la nature,"protéger davantage les espaces naturels les plus menacés, en consacrant 10% du territoire en protection forte",1,
10,Protection de la nature,élargir le réseau d&apos;aires protégées et développer les corridors écologiques qui les relient pour favoriser les échanges génétiques.,1,
10,Protection de la nature,"protéger davantage la faune sauvage, cela est prioritaire",1,
10,Protection de la nature,laisser de vastes territoires en libre évolution et favoriser les corridors écologiques.,1,
10,Protection de la nature,convertir les zones commerciales à l&apos;entrée des agglomérations en zones de maraîchage,1,
10,Protection de la nature,reverser une partie des amendes pour évasion fiscale à la restauration des zones humides et à l&apos;agriculture biologique.,1,
10,Protection de la nature,"absolument interdire la chasse, la pêche et la sylviculture dans les parcs nationaux et les réserves nationales.",1,
10,Protection de la nature,"concevoir une approche 3D de la biodiversité (sous la terre, à la surface et dans les airs) afin de préserver tous les écosystèmes",1,
10,Protection de la nature,"aider les structures locales à protéger des espaces naturels par la maîtrise foncière et les règlements d’urbanisme (PLU, ORE, etc.)",1,
10,Protection de la nature,éliminer toutes les sources d&apos;eau stagnante et améliorer les services écosystémiques dans les parcs urbains.,1,
10,Protection de la nature,interdire de détruire les zones humides même si il y a une compensation ailleurs,1,
10,Protection de la nature,créer plus de zones de fraicheur,1,
10,Protection de la nature,augmenter les moyens financiers pour l’acquisition foncière des espaces naturels les plus précieux,1,
10,Protection de la nature,relier les parcs nationaux par des corridors de circulation protégés pour les animaux. Pourquoi pas à l&apos;échelle européenne.,1,
10,Protection de la nature,créer et financer des corridors écologiques pour relier les habitats fragmentés,1,
11,Réduction des déchets plastiques,mettre en place des unités de pyrolise dans les villes pour transformer certains plastiques directement en gaz ou en carburant,1,
11,Réduction des déchets plastiques,supprimer les rotofils qui propagent les microplastiques dans la nature,1,
11,Réduction des déchets plastiques,"interdire les entreprises à utiliser des emballages jetables, même en carton ! (Pour les déjeuners organisés par exemple.)",1,
11,Réduction des déchets plastiques,"interdire l&apos;utilisation des contenants en plastique et revenir à l&apos;utilisation du verre, qui est entièrement recyclable",1,
11,Réduction des déchets plastiques,"faire adapter les emballages aux contenus qu&apos;ils contiennent réellement, trop de gâchis et de tromperie vis à vis des consommateurs",1,
11,Réduction des déchets plastiques,interdire les crèmes solaires néfastes pour les bords de mer.,0,Protection de l'environnement marin
11,Réduction des déchets plastiques,interdire la production de matériaux non recyclables...,1,
11,Réduction des déchets plastiques,arrêter de produire du plastique qui est une calamité pour le vivant tout entier !,1,
11,Réduction des déchets plastiques,"supprimer progressivement les plastiques à usage unique, il reste encore beaucoup à faire dans le monde.",1,
11,Réduction des déchets plastiques,"créer une vraie taxe carbone: plus un produit pollue (extraction de matière première, voyages, recyclage etc.), plus il est taxé.",1,
11,Réduction des déchets plastiques,la consigne pour la distribution d&apos;eau potable mais aussi de tous types de boissons,1,
11,Réduction des déchets plastiques,"légiférer sur les emballages et surremballages, développer le vrac.",1,
11,Réduction des déchets plastiques,"réduire les emballages jetables et recyclables, informer du coût (en matières premières !) de traitement de ces déchets.",1,
11,Réduction des déchets plastiques,"arrêter de consommer des emballages en plastique (retour à la consigne, emballages réutilisables...)",1,
11,Réduction des déchets plastiques,collecter les bocaux en verre et les réutiliser plutôt que les détruire pour les re-fabriquer,1,
11,Réduction des déchets plastiques,"encourager les efforts de chacun : tri, réduction des emballages, loisirs raisonnés, boycott etc.",1,
11,Réduction des déchets plastiques,boycotter les producteurs et distributeurs de fast food et de fast fashion!,1,
11,Réduction des déchets plastiques,"arrêter de ramasser les déchets, qui est l&apos;arbre qui cache la foret mais arrêter l&apos;utilisation des plastiques  !",1,
11,Réduction des déchets plastiques,réglementer et inciter sur le modèle des consignes,1,
11,Réduction des déchets plastiques,systématiser l’usage de la consigne (verre & plastique),1,
12,Protection de la faune,"mettre en place des points d&apos;accès à l&apos;eau pour les animaux ""sauvages""",1,
12,Protection de la faune,"davantage sensibiliser les gens sur la vie animale à respecter qui nous entourent, par plus de spots publicitaires à la télévision",1,
12,Protection de la faune,"éduquer pour que l&apos;homme cesse de détruire tout ce qui le ""gène"" et apprenne à respecter et à vivre en harmonie avec le Vivant",1,
12,Protection de la faune,vraiment arrêter d’artificiliser les sols,1,
12,Protection de la faune,arrêter de penser que l&apos;humain a un droit sur tout ce qui l&apos;entoure. Revoir le rapport de l&apos;homme avec la nature: partager/réfléchir,1,
12,Protection de la faune,revoir entièrement le principe de l’écobuage avec le réchauffement climatique. les animaux ont besoin d’ombre et la nature brûle,1,
12,Protection de la faune,arrêter la bétonisation et ainsi préserver ce qu&apos;il reste d&apos;espaces naturels pour les autres êtres vivants.,1,
12,Protection de la faune,désherber avec des moutons des chèvres ou des ânes,1,
12,Protection de la faune,laisser les français tranquilles et aller dire aux Chinois de moins polluer,0,Environnement et pollution
12,Protection de la faune,que l&apos;humanité comprenne que se reproduire n&apos;est pas un droit : la planète et ses habitants non humains meurent de notre surnombre.,1,
12,Protection de la faune,arrêter de se reproduire pour laisser la planète sans humain.,0,Contrôle démographique
12,Protection de la faune,"arrêter d&apos;entretenir la facilité d&apos;une vie polluante et toxique à tous niveaux, l&apos;avenir de nos propres enfants en dépend",1,
12,Protection de la faune,investir dans des alternatives à la chasse pour gérer la faune sauvage de façon respectueuse et responsable.,1,
12,Protection de la faune,"arrêter le libre échange, au moins avec l&apos;extérieur de l&apos;union européenne.",0,Économie et commerce international
12,Protection de la faune,"METTRE FIN à toutes les courses mécaniques (automobiles, 2 roues), c&apos;est un tel non-sens aujourd&apos;hui !",0,Environnement et transports
12,Protection de la faune,arrêter de persécuter les pigeons et rendre obligatoire l&apos;installation de pigeonniers.,1,
12,Protection de la faune,donner une personnalité juridique à l’animal sauvage.,1,
12,Protection de la faune,"cesser la sur-pêche, cesser de tuer les requin et punir sévèrement les chalutiers qui détruisent les fonds marins avec leurs filets",1,
12,Protection de la faune,déposséder les lobbyes de leur pouvoir,0,Réforme politique
12,Protection de la faune,"que les intermittents de la nature (citadins, vacanciers, idéologues, certaines associations) arrêtent de polluer le débat",1,
13,Gestion durable des forêts,que notre pays recrée des forêts primaires sur son territoire pour pouvoir légitimement juger de leur exploitation au niveau mondial,1,
13,Gestion durable des forêts,savoir qu&apos;en France nous avons 7 millions d&apos;hectares de forêt en plus aujourd&apos;hui qu&apos;il y a un siècle et cela continue d&apos;augmenter,1,
13,Gestion durable des forêts,"mieux étudier la manière de recréer une forêt après un incendie en prenant en compte tous les paramètres (sécheresse, diversité...).",1,
13,Gestion durable des forêts,"arrêter le grignotage des espaces forestiers, préserver/sanctuariser nos forêts pour permettre aux animaux de circuler et se nourrir",1,
13,Gestion durable des forêts,"interdire les coupes intégrales de bois, et laisser les jeunes arbres grandir. La plantation d&apos;arbres souvent ne fonctionne pas .",1,
13,Gestion durable des forêts,"recréer des forêts où l&apos;homme et les entreprises ne peuvent pas y aller, un îlot de verdure.",1,
13,Gestion durable des forêts,créer une forêt primaire,1,
13,Gestion durable des forêts,aider les propriétaires de bois à les entretenir. Un bois non entretenu peut vite être envahi par les ronces etdevenir impénétrables,1,
13,Gestion durable des forêts,cesser de considérer nos forêts comme des usines à bois et en faire des lieux de vie plus paisibles pour la faune.,1,
13,Gestion durable des forêts,plus de choix dans les essences forestières objectives,1,
13,Gestion durable des forêts,"arrêter de détruire les forêts, les lieux naturels en ville, pour construire, c&apos;est ce qui se passe à Bézier, à Valras vers la plage",1,
13,Gestion durable des forêts,arrêter toutes coupes rases des feuillus et interdire la monoculture intensive des résineux: biodiversité + présente dans feuilles,1,
13,Gestion durable des forêts,arrêter de juger les forêts des autres (Amazonie) et augmenter notre couverture forestière pour contribuer au poumon de la Terre,1,
13,Gestion durable des forêts,interdire les plantations forestières mono spécifiques,1,
13,Gestion durable des forêts,"arrêter les coupes rases, les centrales à bois, le chauffage au bois, les centrales solaires en pleine nature.",1,
13,Gestion durable des forêts,"plus de réserves intégrales interdites à l’homme en montagne, forêt, bord de mer, lacs et landes.",1,
13,Gestion durable des forêts,préserver les forêts anciennes. En Suisse il y a des pratiques forestières durables économiquement et écologiquement,1,
13,Gestion durable des forêts,choisir des produits en bois issu de forêts durablement gérées.,1,
13,Gestion durable des forêts,que chaque propriétaire forestier laisse au minimum 20% de sa forêt en libre évolution!,1,
13,Gestion durable des forêts,arrêter les coupes rases en forêt,1,
14,Protection de l'environnement,savoir que 100% de culture bio en France nous obligera à importer plus de produits alimentaires biologiques.,1,
14,Protection de l'environnement,"autoriser plus de pesticides contre le Varroa , et protéger ainsi les abeilles. Il faut rendre ces traitements obligatoires",0,Agriculture et écologie
14,Protection de l'environnement,interdire par de rudes sanctions la production de foie gras.,1,
14,Protection de l'environnement,réduire pesticides et fertilisants chimiques pour protéger la biodiversité et promouvoir des alternatives écologiques.,1,
14,Protection de l'environnement,déjà éviter d&apos;utiliser de pesticides ou produits chimiques sur les plantations des balcons. Chacun s&apos;y tient et ça ira mieux,1,
14,Protection de l'environnement,réglementer la couverture publicitaire des organisations (publics/privés) voir interdire les publicités sur les produits polluants,1,
14,Protection de l'environnement,des pesticides si nous ne voulons pas mourir de faim (allez voir au Sri-Lanka),0,Agriculture et sécurité alimentaire
14,Protection de l'environnement,interdire les pesticides non naturel,1,
14,Protection de l'environnement,"stopper les produits ménagers remplis de solvants, phosphate et de produits néfastes qui se retrouvent dans l&apos;eau de nos rivières",1,
14,Protection de l'environnement,"stopper les cultures intensives destinées à fabriquer du carburant (éthanol, méthane) car elles sont très polluantes et énergivores",1,
14,Protection de l'environnement,arrêter les produits chimiques qui tuent les pollinisateurs et d’autres insectes,1,
14,Protection de l'environnement,"interdire (vente, production, importation) tout produit phytosanitaire systémique et les poisons non sélectifs (ex: mort au rat)",1,
14,Protection de l'environnement,"que si l&apos;on interdit les pesticides, nous interdisions aussi les médicaments",0,Santé publique
14,Protection de l'environnement,"réduire drastiquement les pesticides : sans insectes, pas d&apos;oiseaux",1,
14,Protection de l'environnement,interdire l’utilisation près des habitations d’insecticides de synthèse pour lutter contre les moustiques.,1,
14,Protection de l'environnement,"interdire l&apos;importation de produit qui ne respecte pas les normes européennes (pesticide,norme de cultures biologique - exces d&apos;eau)",1,
14,Protection de l'environnement,interdire les épandages de produits chimiques dans la nature et favoriser les engrais verts sur les cultures.,1,
14,Protection de l'environnement,promouvoir les produits végans et bio en les détaxant pour qu&apos;ils soient accessibles à tous.,1,
14,Protection de l'environnement,"arrêter de vendre des plantes invasives ou néfastes en jardinerie (budleia, tuya, etc.)",1,
14,Protection de l'environnement,instaurer des droits de douanes à deux phases pour que les produits agricoles ne soient pas concurrencés durant leur saison,0,Agriculture et économie
15,Protection de la biodiversité,communiquer et sensibiliser sur les apports de la biodiversité et leur nécessité pour notre survie,1,
15,Protection de la biodiversité,"changer de paradigme, casser le concept d&apos;écologie punitive, oeuvrer dans le sens de la sobriété heureuse, consommer moins et mieux.",1,
15,Protection de la biodiversité,"faciliter les mesures ORE, les rendre accessibles aux jardins privés, même petits, et exiger la formation des mairies à cet effet.",1,
15,Protection de la biodiversité,"intégrer dans les AO des critères de pollution, de biodiversité…",1,
15,Protection de la biodiversité,"faire découvrir au grand public les outils de choix des arbres comme climessence, bioclimsol ou forestys",1,
15,Protection de la biodiversité,former les citoyens aux bienfaits des plantations pour les rendre autonomes et voir fleurir des projets partout où s’est utile,1,
15,Protection de la biodiversité,repenser notre modèle économique pour inclure la biodiversité au cœur des décisions,1,
15,Protection de la biodiversité,une formation des maires sur la biodiversité. Trop de petites communes sont des retraités avec les connaissances décalés et fausses.,1,
15,Protection de la biodiversité,créer dans les lieux d’accueil petite enfance des espaces pédagogiques de biodiversité et former les professionnels petite enfance,1,
15,Protection de la biodiversité,"que les élus, à tous les niveaux de la commune à l&apos;Elysée, rendent régulièrement compte de ce qu&apos;ils font pour la biodiversité.",1,
15,Protection de la biodiversité,"diffuser des guides pratiques pour favoriser la biodiversité adaptés aux modes de vie (maison,appartement,rural,urbain etc)",1,
15,Protection de la biodiversité,"s&apos;intéresser à la biodiversité dans le monde urbain, où elle manque, et pas dans le monde rural où elle n&apos;en a pas besoin",0,Développement urbain
15,Protection de la biodiversité,créer un service civique citoyen où les jeunes agiraient pendant une journée pour restaurer la biodiversité,1,
15,Protection de la biodiversité,que les employeurs dégagent du temps à leurs employés pour qu&apos;ils puissent s&apos;investir dans des actions en faveur de la biodiversité,1,
15,Protection de la biodiversité,"déduire à 100% des revenus imposables tout versement à 1 association qui travaille pour protéger, restaurer la biodiversité.",1,
15,Protection de la biodiversité,mettre en place des commissions biodiversité et environnement dans chaque municipalité,1,
15,Protection de la biodiversité,"rénover nos habitations, en commençant par les écoles, en tenant compte de la biodiversité qui y vit et en impliquant les élèves.",1,
15,Protection de la biodiversité,"favoriser l’économie circulaire cela concourt a limiter la ""consommation""  de la biodiversité.",1,
15,Protection de la biodiversité,agir pour la sauvegarde de la biodiversité dans le strict respect de la légalité et sans recourir à la violence illégitime.,1,
15,Protection de la biodiversité,organiser des campagnes de sensibilisation ludiques à la biodiversité sur différents médias,1,
16,Agriculture biologique durable,interdire la culture du maïs destiné à l’élevage car cela consomme trop d’eau et appauvrit les sols,1,
16,Agriculture biologique durable,"au minimum un agriculteur pour 40 hectares au lieu d&apos;un agriculteur pour 100, 200, 300, 400 hectares.",1,
16,Agriculture biologique durable,"permettre une agriculture à plus petite échelle, de meilleure qualité, plus bio en réfléchissant aux plantes qui peuvent s&apos;associer.",1,
16,Agriculture biologique durable,soutenir l’agriculture durable pour que l’agro-industrie ne soit plus un modèle économiquement favorable,1,
16,Agriculture biologique durable,"encourager les peuples à investir d&apos;avantage à la plantation d&apos;arbres et aussi diversifier d&apos;avantage, processus de sensibilisation.",1,
16,Agriculture biologique durable,développer massivement le principe de sécurité sociale de l&apos;alimentation et promouvoir des producteurs français bio et de saison,1,
16,Agriculture biologique durable,promouvoir des pratiques de pêche plus respectueuses de la biodiversité,0,Pêche durable
16,Agriculture biologique durable,"insister sur la sensibilisation des agriculteurs aux questions de biodiversité, de pollution des sols, d&apos;utilisation des pesticides",1,
16,Agriculture biologique durable,valoriser le qualitatif plutôt que le quantitatif ,1,
16,Agriculture biologique durable,"développer la recherche et la culture des céréales pérennes (Leymus, Thinopyrum, etc )",1,
16,Agriculture biologique durable,promouvoir une agriculture produisant des protéines à partir de l&apos;herbe,1,
16,Agriculture biologique durable,"une écologie rationnelle basée sur la science et favorisant le développement de nouvelles technologies (OGM, nucléaire, hydrogène…)",0,Agriculture intensive technologique
16,Agriculture biologique durable,démoustiquer massivement les territoires infestés par le moustique tigre en utilisant un insecticide qui respecte la biodiversité.,0,Santé publique
16,Agriculture biologique durable,demander à l&apos;Europe de mettre l&apos;accent sur la production biologique et donnant plus d&apos;aide de la PAC aux productions bio,1,
16,Agriculture biologique durable,créer des aides plus importantes pour les agriculteurs biologiques,1,
16,Agriculture biologique durable,"changer notre approche de nos habitudes et modes de gestion. Améliorer la qualité ""habitat"" et ""nourricier"" des espaces verts par ex",1,
16,Agriculture biologique durable,aider les agriculteurs vers la conversion écologique et aider aussi les particuliers à consommer bio et local,1,
16,Agriculture biologique durable,"changer le modèle agricole, diversifier les cultures localement, restaurer les haies champêtres, réduire puis abandonner les phytos",1,
16,Agriculture biologique durable,"interdire la publicité en faveur de la malbouffe (fastfood, sucreries) et favoriser celle sur l&apos;alimentaion bio.",1,
16,Agriculture biologique durable,garder 5 % des agricultures céréales sur pieds pour les gibiers et oiseaux,1,
17,Préserver la biodiversité végétale,"éduquer les gens à la production de bois, par exemple expliquer que les tailles et élagages se font entre mi-mars et mi septembre…",1,
17,Préserver la biodiversité végétale,planter des arbres indigènes et restaurer les zones déboisées pour recréer des habitats et améliorer la résilience des écosystèmes.,1,
17,Préserver la biodiversité végétale,planter des arbres fruitiers dans les villes.,1,
17,Préserver la biodiversité végétale,"varier les espèces (fleurs, arbres) et en choisir des bien adaptées au climat pour éviter aussi le gaspillage d&apos;eau",1,
17,Préserver la biodiversité végétale,planter des arbres d’essences différentes dont la résistance au changement climatique est avérée,1,
17,Préserver la biodiversité végétale,"créer une abattement fiscal pour les proprios de terrains boisés en ville, qui incite à entretenir les arbres et non les abattre",1,
17,Préserver la biodiversité végétale,"favoriser la plantation des haies bocagères auprès des particuliers, agriculteurs, communes en fixant des objectifs par territoire.",1,
17,Préserver la biodiversité végétale,des arbres de vies arbosculpté,1,
17,Préserver la biodiversité végétale,"une loi pour protéger tous les arbres, interdisant toute coupe, sauf pour ceux qui malades menacent de tomber",1,
17,Préserver la biodiversité végétale,"interdire les murets dans les lotissements: les remplacer par des haies, éventuellement des grillages pour autoriser les migrations",1,
17,Préserver la biodiversité végétale,pouvoir exploiter les vieux arbres pour la menuiserie ce sont nos ancêtres qui nous les ont préservés et nous devons faire comme eux,0,Gestion des ressources naturelles
17,Préserver la biodiversité végétale,"déartifialicer les villes, les zones artisanales,industrielles, les parkings, et revégétaliser en campagne planter arbres et haies",1,
17,Préserver la biodiversité végétale,empêcher la destruction des vieilles maisons de pierre inhabitées afin qu&apos;elles servent d&apos;habitat aux hirondelles.,1,
17,Préserver la biodiversité végétale,limiter la déforestation et inciter à replanter des arbres,1,
17,Préserver la biodiversité végétale,"planter des arbres, poumons de la terre et protecteurs du vivant.",1,
17,Préserver la biodiversité végétale,"reboiser, remettre des haies, etc. comme avant le remembrement. Bref reconstruire ce que l&apos;homme a détruit",1,
17,Préserver la biodiversité végétale,mettre en place des moyens de contrôle sévère pour les arrachages de haies intempestifs ou pour les tailles inappropriées.,1,
17,Préserver la biodiversité végétale,"arrêter de vouloir dompter la nature, un exemple arrêter avec les pelouses rases, les haies taillées au cordeau ",1,
17,Préserver la biodiversité végétale,"encadrer voire interdire la destruction de l&apos;habitat : haies, vieux bâtiment, etc.",1,
17,Préserver la biodiversité végétale,arrêter l’abattage des grands arbres dans les communes et chez les particuliers !,1,
18,Biodiversité dans les jardins,végétaliser les toits des entreprises avec des plantes mellifères et y installer des ruches pour favoriser la pollinisation,1,
18,Biodiversité dans les jardins,"arrêter d&apos;employer le mot mauvaise herbe, c&apos;est quoi une mauvaise herbe?",1,
18,Biodiversité dans les jardins,limiter l&apos;utilisation des tondeuses,1,
18,Biodiversité dans les jardins,"imposer les tontes tardives et limiter les plantations florales pour créer des habitats d&apos;insectes, réduisant ainsi les nuisibles",1,
18,Biodiversité dans les jardins,"imposer, sur les machines de fauchage d&apos;accotements de voirie, une hauteur de coupe minimale permettant de sauver les hérissons.",1,
18,Biodiversité dans les jardins,"garder de larges espaces de prairies, de friches dans nos villes et villages, sans pesticides.",1,
18,Biodiversité dans les jardins,interdire le gazon pour le remplacer par du trèfle ou équivalent sur les zones publiques,1,
18,Biodiversité dans les jardins,"inciter les sociétés d&apos;entretien des espaces verts à renoncer aux matériaux à essences (souffleurs de feuilles, tondeuse …)",1,
18,Biodiversité dans les jardins,que la commune donne des plantes bénéfiques à la biodiversité à ses habitants,1,
18,Biodiversité dans les jardins,faire des bandes plutôt mellifères de 3m tous les 200m environ dans les plaines cultivées (en lieu et place des jachères imposées),1,
18,Biodiversité dans les jardins,planter des arbres végétaux plantes au lieu de goudronner dans les villes et dans les campagnes trouver des solutions alternatives.,1,
18,Biodiversité dans les jardins,inciter les particuliers à préserver la biodiversité via des zones sauvage dans les terrains privés (ex. réduire la taxe foncière),1,
18,Biodiversité dans les jardins,permettre à chacun de visiter à faible prix comme un musée un établissement qui accueille des animaux. Exemple : lieu d&apos;élevage,0,Tourisme et élevage
18,Biodiversité dans les jardins,"autoriser, encourager et multiplier les villages sans pesticides, parmi les 33000 communes de France, avec Plante&Cité et l&apos;OFB.",1,
18,Biodiversité dans les jardins,"rétablir les sauterelles, coccinelles, insectes. Pour cela, fauchage à la faux à main et interdire les rotofils.",1,
18,Biodiversité dans les jardins,"que les communes informent et facilitent la mise en place d&apos;accueil de la biodiversité : nichoir, tas de bois, mois sans tontes, etc",1,
18,Biodiversité dans les jardins,favoriser les essences végétales qui s&apos;adaptent le mieux au réchauffement climatique et qui sont nourricières pour la biodiversité.,1,
18,Biodiversité dans les jardins,généraliser la récupération des tontes d’herbes. Sols plus pauvres=moins de graminées et plus de plantes à fleurs pour les abeilles.,1,
18,Biodiversité dans les jardins,"inciter à favoriser la biodiversité au jardin : ne pas tondre partout, ni trop court, planter une haie variée plutôt que des thuyas.",1,
18,Biodiversité dans les jardins,"abandonner le concept de ""mauvaises herbes"" pour le remplacer par celui ""d&apos;herbes indésirables"".",1,
19,Protection de la biodiversité,que l&apos;Europe puisse imposer aux pays membres l&apos;interdiction de chasse pour des espèces migratrices en mauvais état de conservation,1,
19,Protection de la biodiversité,renforcer la régulation sur la pêche et la chasse avec la mise en place de quotas et des interdictions pour les espèces menacées,1,
19,Protection de la biodiversité,"interdire les lâchers de gibiers (Faisans, perdrix ...) et favoriser une meilleur gestion des populations animalières locales.",1,
19,Protection de la biodiversité,travailler sur des modes de débroussaillement contre l&apos;incendie pour limiter la destruction de la faune et de la flore.,1,
19,Protection de la biodiversité,lutter contre les espèces exotiques envahissantes (notamment végétales en plantant des espèces indigènes),1,
19,Protection de la biodiversité,soutenir les éleveurs privés et professionnels qui assurent la conservation des espèces menacées par leur reproduction en captivité.,1,
19,Protection de la biodiversité,interdire le déterrage sauvage des blaireaux et de renards utiles pour limiter les populations de rongeurs dans les cultures.,1,
19,Protection de la biodiversité,protéger la chasse et l’inscrire en tant qu’activité essentielle pour la protection de la biodiversité.,0,Gestion des ressources naturelles
19,Protection de la biodiversité,lutter contre le lobbying de la chasse pour préserver les espèces d&apos;oiseaux en voie de disparition et pourtant encore chassées !,1,
19,Protection de la biodiversité,"revoir les plans de chasse à la baisse, puisque des proies en suffisance sont nécessaires à la santé des populations de prédateurs.",1,
19,Protection de la biodiversité,soutenir la recherche sur les espèces menacées pour mieux les protéger.,1,
19,Protection de la biodiversité,contribuer à protéger et réintroduire les espèces en voie de disparition dans leur habitat naturel,1,
19,Protection de la biodiversité,supprimer les routes les moins utiles pour reconstituer les territoires fragmentés des espèces.,1,
19,Protection de la biodiversité,"limiter les élevages pour la chasse, éduquer au rôle des prédateurs, plutôt qu&apos;à l&apos;intervention de l&apos;homme tout puissant.",1,
19,Protection de la biodiversité,"arrêter de tuer des loups, trouver des solutions de cohabitation, et ne pas laisser les ovins et les caprins prendre tout l&apos;espace",1,
19,Protection de la biodiversité,"interdire l&apos;été en pleine canicule, l&apos;accès au public, pour préserver toutes les espèces.",1,
19,Protection de la biodiversité,protéger le loup,1,
19,Protection de la biodiversité,trouver des solutions pour limiter la population humaine à 2 milliard d&apos;individus (maximum atteint),1,
19,Protection de la biodiversité,protéger les abeilles en chassant les frelons asiatiques,1,
19,Protection de la biodiversité,interdire la vente de plantes dans les jardineries reconnues comme plantes invasives par les experts,1,
